-- phpMyAdmin SQL Dump
-- version 4.6.5.2
-- https://www.phpmyadmin.net/
--
-- Host: 127.0.0.1
-- Generation Time: Nov 05, 2019 at 01:12 PM
-- Server version: 10.1.21-MariaDB
-- PHP Version: 5.6.30

SET SQL_MODE = "NO_AUTO_VALUE_ON_ZERO";
SET time_zone = "+00:00";


/*!40101 SET @OLD_CHARACTER_SET_CLIENT=@@CHARACTER_SET_CLIENT */;
/*!40101 SET @OLD_CHARACTER_SET_RESULTS=@@CHARACTER_SET_RESULTS */;
/*!40101 SET @OLD_COLLATION_CONNECTION=@@COLLATION_CONNECTION */;
/*!40101 SET NAMES utf8mb4 */;

--
-- Database: `sysdbdita`
--

-- --------------------------------------------------------

--
-- Table structure for table `tm_nota`
--

CREATE TABLE `tm_nota` (
  `i_id_nota` int(11) NOT NULL,
  `i_no_nota` varchar(16) NOT NULL,
  `i_no_order` varchar(25) NOT NULL,
  `d_nota` date NOT NULL,
  `d_jth_tempo` date NOT NULL,
  `i_pelanggan` int(11) NOT NULL,
  `v_ppn` double NOT NULL DEFAULT '0',
  `v_pengiriman` double NOT NULL DEFAULT '0',
  `v_total_diskon` double NOT NULL DEFAULT '0',
  `v_total` double NOT NULL DEFAULT '0',
  `v_total_sisa` double NOT NULL DEFAULT '0',
  `v_total_fppn` double NOT NULL DEFAULT '0',
  `v_total_fppn_sisa` double NOT NULL DEFAULT '0',
  `f_nota_cancel` tinyint(1) NOT NULL DEFAULT '0',
  `f_status_lunas` tinyint(1) NOT NULL DEFAULT '0',
  `i_jenis_pembayaran` int(11) NOT NULL COMMENT '1=Cash, 2=Transfer',
  `e_gudang` varchar(25) DEFAULT NULL,
  `e_kepada` varchar(50) DEFAULT NULL,
  `i_kode_perusahaan` varchar(4) NOT NULL,
  `d_input` timestamp NULL DEFAULT NULL,
  `d_update` timestamp NULL DEFAULT NULL
) ENGINE=InnoDB DEFAULT CHARSET=latin1;

--
-- Dumping data for table `tm_nota`
--

INSERT INTO `tm_nota` (`i_id_nota`, `i_no_nota`, `i_no_order`, `d_nota`, `d_jth_tempo`, `i_pelanggan`, `v_ppn`, `v_pengiriman`, `v_total_diskon`, `v_total`, `v_total_sisa`, `v_total_fppn`, `v_total_fppn_sisa`, `f_nota_cancel`, `f_status_lunas`, `i_jenis_pembayaran`, `e_gudang`, `e_kepada`, `i_kode_perusahaan`, `d_input`, `d_update`) VALUES
(1, 'Nota-1905-E0001', 'OP12', '2019-05-01', '2019-06-15', 5, 75000, 0, 0, 750000, 750000, 825000, 825000, 1, 0, 2, '', 'Dani', 'E', NULL, '2019-06-09 12:36:17'),
(2, 'Nota-1905-D0001', 'op2', '2019-05-27', '2019-07-11', 6, 39000, 0, 0, 390000, 390000, 429000, 429000, 1, 0, 2, '', 'Dani', 'D', NULL, '2019-05-27 15:02:42'),
(3, 'Nota-1906-D0002', '', '2019-06-01', '2019-07-16', 6, 94500, 0, 0, 945000, 945000, 1039500, 1039500, 0, 0, 2, '', 'Dani', 'D', NULL, '2019-06-08 13:49:04'),
(4, 'Nota-1907-E0002', '01', '2019-06-27', '2019-07-27', 7, 150000, 0, 0, 1500000, 1500000, 1650000, 1650000, 0, 0, 2, '', '', 'E', NULL, '2019-08-11 15:39:25'),
(5, 'Nota-1907-E0003', '01', '2019-06-29', '2019-07-29', 8, 216000, 0, 0, 2160000, 2160000, 2376000, 2376000, 0, 0, 2, '', '', 'E', NULL, '2019-07-09 12:58:59'),
(6, 'Nota-1907-E0004', '01', '2019-06-25', '2019-07-25', 10, 877000, 0, 0, 8770000, 8770000, 9647000, 9647000, 0, 0, 2, '', '', 'E', NULL, '2019-07-07 13:52:38'),
(7, 'Nota-1907-E0005', '', '2019-06-24', '2019-07-24', 11, 72000, 0, 0, 720000, 720000, 792000, 792000, 0, 0, 2, '', '', 'E', NULL, '2019-07-07 13:52:12'),
(8, 'Nota-1907-E0006', '', '2019-07-06', '2019-08-05', 11, 134000, 0, 0, 1340000, 1340000, 1474000, 1474000, 0, 0, 2, '', '', 'E', NULL, '2019-07-07 13:54:19'),
(9, 'Nota-1907-D0003', '025', '2019-06-25', '2019-07-25', 12, 60000, 0, 0, 600000, 600000, 660000, 660000, 0, 0, 2, '', '', 'D', NULL, '2019-07-09 13:03:20'),
(10, 'Nota-1907-D0004', '1', '2019-07-02', '2019-08-01', 13, 1084938, 0, 0, 10849380, 10849380, 11934318, 11934318, 0, 0, 2, '', '', 'D', NULL, '2019-10-29 02:14:35'),
(11, 'Nota-1906-T0001', 'Tes1', '2019-06-20', '2019-07-20', 14, 48000, 0, 0, 480000, 480000, 528000, 528000, 0, 0, 2, NULL, 'Tes1', 'T', NULL, '2019-07-08 14:11:02'),
(12, 'Nota-1906-C0001', '', '2019-06-11', '2019-07-11', 15, 270, 0, 0, 2700, 2700, 2970, 2970, 0, 0, 2, NULL, '', 'C', NULL, '2019-07-08 14:24:19'),
(13, 'Nota-1906-H0001', '', '2019-06-12', '2019-07-12', 3, 2700, 0, 0, 27000, 27000, 29700, 29700, 0, 0, 2, NULL, '', 'H', NULL, '2019-07-08 14:41:09'),
(14, 'Nota-1906-E0007', '', '2019-06-27', '2019-07-27', 7, 14400, 0, 0, 144000, 144000, 158400, 158400, 0, 0, 2, NULL, '', 'E', NULL, '2019-07-09 13:00:32'),
(15, 'Nota-1906-E0008', '', '2019-06-01', '2019-06-01', 16, 398250, 0, 0, 3982500, 3982500, 4380750, 4380750, 0, 0, 2, NULL, '', 'E', NULL, '2019-07-09 13:07:17'),
(16, 'Nota-1906-D0005', '14', '2019-06-14', '2019-07-29', 6, 725650, 0, 0, 7256500, 7256500, 7982150, 7982150, 0, 0, 2, '', '', 'D', NULL, '2019-08-11 12:14:37'),
(17, 'Nota-1906-D0006', '', '2019-06-25', '2019-08-09', 6, 271050, 0, 0, 2710500, 2710500, 2981550, 2981550, 0, 0, 2, NULL, '', 'D', NULL, '2019-07-09 14:34:21'),
(18, 'Nota-1906-D0007', '', '2019-06-27', '2019-08-11', 6, 113100, 0, 0, 1131000, 1131000, 1244100, 1244100, 0, 0, 2, NULL, '', 'D', NULL, '2019-07-09 14:35:31'),
(19, 'Nota-1906-E0009', '', '2019-06-12', '2019-07-27', 5, 28000, 0, 0, 280000, 280000, 308000, 308000, 0, 0, 2, NULL, '', 'E', NULL, '2019-07-09 15:21:40'),
(20, 'Nota-1906-E0010', '', '2019-06-24', '2019-08-08', 5, 366000, 0, 0, 3660000, 3660000, 4026000, 4026000, 0, 0, 2, NULL, '', 'E', NULL, '2019-07-09 15:27:04'),
(21, 'Nota-1906-E0011', '', '2019-06-27', '2019-08-11', 5, 84000, 0, 0, 840000, 840000, 924000, 924000, 0, 0, 2, NULL, '', 'E', NULL, '2019-07-09 15:28:00'),
(22, 'Nota-1906-E0012', '', '2019-06-12', '2019-07-27', 5, 472500, 0, 0, 4725000, 4725000, 5197500, 5197500, 0, 0, 2, NULL, '', 'E', NULL, '2019-07-09 15:30:48'),
(23, 'Nota-1906-E0013', '', '2019-06-19', '2019-08-03', 5, 66780, 0, 0, 667800, 667800, 734580, 734580, 0, 0, 2, NULL, '', 'E', NULL, '2019-07-09 15:32:52'),
(24, 'Nota-1906-E0014', '', '2019-06-24', '2019-08-08', 5, 450450, 0, 0, 4504500, 4504500, 4954950, 4954950, 0, 0, 2, NULL, '', 'E', NULL, '2019-07-09 15:34:37'),
(25, 'Nota-1906-E0015', '', '2019-06-25', '2019-08-09', 5, 367500, 0, 0, 3675000, 3675000, 4042500, 4042500, 0, 0, 2, NULL, '', 'E', NULL, '2019-07-09 15:35:53'),
(26, 'Nota-1906-E0016', '1', '2019-06-20', '2019-07-20', 9, 1036250, 0, 0, 10362500, 10362500, 11398750, 11398750, 0, 0, 2, '', '', 'E', NULL, '2019-09-10 12:27:41'),
(27, 'Nota-1906-E0017', '', '2019-06-20', '2019-07-20', 18, 296790, 0, 0, 2967900, 2967900, 3264690, 3264690, 0, 0, 2, NULL, '', 'E', NULL, '2019-07-09 16:07:58'),
(28, 'Nota-1906-E0018', '', '2019-06-21', '2019-07-21', 9, 40250, 0, 0, 402500, 402500, 442750, 442750, 0, 0, 2, NULL, '', 'E', NULL, '2019-07-09 16:08:58'),
(29, 'Nota-1906-E0019', '001', '2019-06-24', '2019-07-24', 19, 24000, 0, 0, 240000, 240000, 264000, 264000, 0, 0, 2, '', '', 'E', NULL, '2019-08-11 15:42:50'),
(30, 'Nota-1907-E0020', '02', '2019-07-06', '2019-08-05', 19, 48000, 0, 0, 480000, 480000, 528000, 528000, 0, 0, 2, '', '', 'E', NULL, '2019-08-11 15:43:39'),
(31, 'Nota-1906-E0021', '', '2019-06-19', '2019-08-03', 5, 194250, 0, 0, 1942500, 1942500, 2136750, 2136750, 0, 0, 2, NULL, '', 'E', NULL, '2019-07-12 00:24:21'),
(32, 'Nota-1907-D0008', '', '2019-07-22', '2019-09-05', 6, 386050, 0, 0, 3860500, 3860500, 4246550, 4246550, 0, 0, 2, NULL, '', 'D', NULL, '2019-08-11 13:10:28'),
(33, 'Nota-1907-E0022', '', '2019-07-01', '2019-08-15', 5, 1800000, 0, 0, 18000000, 18000000, 19800000, 19800000, 0, 0, 2, NULL, '', 'E', NULL, '2019-08-11 13:20:59'),
(34, 'Nota-1907-E0023', '', '2019-07-05', '2019-08-19', 5, 1597500, 0, 0, 15975000, 15975000, 17572500, 17572500, 0, 0, 2, NULL, '', 'E', NULL, '2019-08-11 13:34:08'),
(35, 'Nota-1907-E0024', '', '2019-07-09', '2019-08-23', 5, 1200000, 0, 0, 12000000, 12000000, 13200000, 13200000, 0, 0, 2, NULL, '', 'E', NULL, '2019-08-11 13:47:04'),
(36, 'Nota-1907-E0025', '', '2019-07-10', '2019-08-24', 5, 2356454, 0, 0, 23564540, 23564540, 25920994, 25920994, 0, 0, 2, NULL, '', 'E', NULL, '2019-08-11 14:34:27'),
(37, 'Nota-1907-E0026', '', '2019-07-17', '2019-08-31', 5, 2437500, 0, 0, 24375000, 24375000, 26812500, 26812500, 0, 0, 2, NULL, '', 'E', NULL, '2019-08-11 14:38:31'),
(38, 'Nota-1907-E0027', '', '2019-07-22', '2019-09-05', 5, 324000, 0, 0, 3240000, 3240000, 3564000, 3564000, 0, 0, 2, NULL, '', 'E', NULL, '2019-08-11 14:46:51'),
(39, 'Nota-1908-D0009', '', '2019-08-08', '2019-09-22', 6, 646600, 0, 0, 6466000, 6466000, 7112600, 7112600, 0, 0, 2, NULL, '', 'D', NULL, '2019-08-11 14:52:54'),
(40, 'Nota-1908-E0028', '', '2019-08-03', '2019-09-17', 5, 302000, 0, 0, 3020000, 3020000, 3322000, 3322000, 0, 0, 2, NULL, '', 'E', NULL, '2019-08-11 15:20:05'),
(41, 'Nota-1907-E0029', '', '2019-07-27', '2019-09-10', 19, 201000, 0, 0, 2010000, 2010000, 2211000, 2211000, 0, 0, 2, NULL, '', 'E', NULL, '2019-08-12 12:20:33'),
(42, 'Nota-1907-E0030', '01', '2019-07-27', '2019-08-26', 7, 270000, 0, 0, 2700000, 2700000, 2970000, 2970000, 1, 0, 2, '', '', 'E', NULL, '2019-09-03 23:45:26'),
(43, 'Nota-1907-E0031', '001', '2019-07-16', '2019-08-15', 8, 160000, 0, 0, 1600000, 1600000, 1760000, 1760000, 0, 0, 2, '', '', 'E', NULL, '2019-08-12 12:30:18'),
(44, 'Nota-1907-E0032', '', '2019-07-16', '2019-08-15', 20, 40000, 0, 0, 400000, 400000, 440000, 440000, 0, 0, 2, NULL, '', 'E', NULL, '2019-08-12 12:31:10'),
(45, 'Nota-1907-E0033', '', '2019-07-16', '2019-08-15', 21, 40000, 0, 0, 400000, 400000, 440000, 440000, 0, 0, 2, NULL, '', 'E', NULL, '2019-08-12 12:32:47'),
(46, 'Nota-1907-E0034', '', '2019-07-16', '2019-08-15', 22, 80000, 0, 0, 800000, 800000, 880000, 880000, 0, 0, 2, NULL, '', 'E', NULL, '2019-08-12 12:35:42'),
(47, 'Nota-1907-E0035', '1', '2019-07-19', '2019-08-18', 9, 600010, 0, 0, 6000100, 6000100, 6600110, 6600110, 0, 0, 2, '', '', 'E', NULL, '2019-09-10 12:34:20'),
(48, 'Nota-1907-E0036', '', '2019-07-22', '2019-08-21', 23, 32000, 0, 0, 320000, 320000, 352000, 352000, 0, 0, 2, NULL, '', 'E', NULL, '2019-08-12 12:45:25'),
(49, 'Nota-1907-D0010', '', '2019-07-16', '2019-08-15', 12, 60000, 0, 0, 600000, 600000, 660000, 660000, 0, 0, 2, NULL, '', 'D', NULL, '2019-08-12 12:47:11'),
(50, 'Nota-1907-H0002', '1', '2019-07-12', '2019-08-11', 3, 1125000, 0, 0, 11250000, 11250000, 12375000, 12375000, 0, 0, 2, '', '', 'H', NULL, '2019-10-29 02:43:08'),
(51, 'Nota-1907-C0002', '001', '2019-07-08', '2019-08-07', 15, 970000, 0, 0, 9700000, 9700000, 10670000, 10670000, 0, 0, 2, '', '', 'C', NULL, '2019-08-12 13:01:19'),
(52, 'Nota-1907-T0002', '', '2019-07-24', '2019-08-23', 1, 1341600, 0, 0, 13416000, 13416000, 14757600, 14757600, 0, 0, 2, NULL, '', 'T', NULL, '2019-08-12 13:04:21'),
(53, 'Nota-1907-T0003', '001', '2019-07-24', '2019-08-23', 24, 1341600, 0, 0, 13416000, 13416000, 14757600, 14757600, 0, 0, 2, '', '', 'T', NULL, '2019-08-12 13:32:01'),
(54, 'Nota-1907-C0003', '', '2019-07-08', '2019-08-07', 25, 140000, 0, 0, 1400000, 1400000, 1540000, 1540000, 0, 0, 2, NULL, '', 'C', NULL, '2019-08-12 13:27:52'),
(55, 'Nota-1908-E0037', '', '2019-08-13', '2019-09-12', 8, 235000, 0, 0, 2350000, 2350000, 2585000, 2585000, 0, 0, 2, NULL, '', 'E', NULL, '2019-09-05 14:48:49'),
(56, 'Nota-1908-E0038', '', '2019-08-21', '2019-09-20', 8, 90000, 0, 0, 900000, 900000, 990000, 990000, 1, 0, 2, NULL, '', 'E', NULL, '2019-09-05 14:49:45'),
(57, 'Nota-1908-E0039', '', '2019-08-22', '2019-09-21', 7, 170000, 0, 0, 1700000, 1700000, 1870000, 1870000, 0, 0, 2, NULL, '', 'E', NULL, '2019-09-05 14:50:37'),
(58, 'Nota-1908-E0040', '1', '2019-08-16', '2019-09-15', 9, 68800, 0, 0, 688000, 688000, 756800, 756800, 0, 0, 2, '', '', 'E', NULL, '2019-09-10 12:36:59'),
(59, 'Nota-1908-E0041', '1', '2019-08-21', '2019-09-20', 9, 1237725, 0, 0, 12377250, 12377250, 13614975, 13614975, 0, 0, 2, '', '', 'E', NULL, '2019-10-05 00:00:02'),
(60, 'Nota-1908-E0042', '', '2019-08-03', '2019-08-03', 26, 64000, 0, 0, 640000, 640000, 704000, 704000, 0, 0, 2, NULL, '', 'E', NULL, '2019-09-06 13:12:52'),
(61, 'Nota-1908-E0043', '', '2019-08-09', '2019-09-08', 18, 150000, 0, 0, 1500000, 1500000, 1650000, 1650000, 0, 0, 2, NULL, '', 'E', NULL, '2019-09-06 13:15:59'),
(62, 'Nota-1909-E0044', '', '2019-09-10', '2019-10-10', 8, 326250, 0, 0, 3262500, 3262500, 3588750, 3588750, 1, 0, 2, NULL, '', 'E', NULL, '2019-09-06 13:17:31'),
(63, 'Nota-1908-E0045', '', '2019-08-13', '2019-08-13', 27, 184000, 0, 0, 1840000, 1840000, 2024000, 2024000, 0, 0, 2, NULL, '', 'E', NULL, '2019-09-06 13:21:24'),
(64, 'Nota-1908-E0046', '', '2019-08-07', '2019-09-06', 8, 270000, 0, 0, 2700000, 2700000, 2970000, 2970000, 0, 0, 2, NULL, '', 'E', NULL, '2019-09-06 13:24:23'),
(65, 'Nota-1908-E0047', '', '2019-08-10', '2019-09-09', 8, 56250, 0, 0, 562500, 562500, 618750, 618750, 0, 0, 2, NULL, '', 'E', NULL, '2019-09-06 13:25:25'),
(66, 'Nota-1908-E0048', '', '2019-08-21', '2019-09-20', 8, 90000, 0, 0, 900000, 900000, 990000, 990000, 0, 0, 2, NULL, '', 'E', NULL, '2019-09-06 13:40:22'),
(67, 'Nota-1907-E0049', '', '2019-07-27', '2019-08-26', 7, 120000, 0, 0, 1200000, 1200000, 1320000, 1320000, 0, 0, 2, NULL, '', 'E', NULL, '2019-09-06 13:45:12'),
(68, 'Nota-1908-E0050', '', '2019-08-14', '2019-09-13', 28, 120000, 0, 0, 1200000, 1200000, 1320000, 1320000, 0, 0, 2, NULL, '', 'E', NULL, '2019-09-06 13:47:52'),
(69, 'Nota-1908-E0051', '', '2019-08-15', '2019-09-14', 23, 27775, 0, 0, 277750, 277750, 305525, 305525, 0, 0, 2, NULL, '', 'E', NULL, '2019-09-06 13:48:53'),
(70, 'Nota-1908-E0052', '', '2019-08-19', '2019-09-18', 23, 38000, 0, 0, 380000, 380000, 418000, 418000, 0, 0, 2, NULL, '', 'E', NULL, '2019-09-06 13:49:57'),
(71, 'Nota-1908-E0053', '', '2019-08-19', '2019-09-18', 16, 162500, 0, 0, 1625000, 1625000, 1787500, 1787500, 0, 0, 2, NULL, '', 'E', NULL, '2019-09-06 13:50:45'),
(72, 'Nota-1908-E0054', '', '2019-08-21', '2019-09-20', 20, 120000, 0, 0, 1200000, 1200000, 1320000, 1320000, 0, 0, 2, NULL, '', 'E', NULL, '2019-09-06 13:51:38'),
(73, 'Nota-1908-E0055', '', '2019-08-23', '2019-09-22', 20, 26000, 0, 0, 260000, 260000, 286000, 286000, 0, 0, 2, NULL, '', 'E', NULL, '2019-09-06 13:52:33'),
(74, 'Nota-1908-E0056', '', '2019-08-24', '2019-09-23', 29, 300000, 0, 0, 3000000, 3000000, 3300000, 3300000, 0, 0, 2, NULL, '', 'E', NULL, '2019-09-06 13:54:55'),
(75, 'Nota-1908-E0057', '', '2019-08-01', '2019-09-15', 5, 1778550, 0, 0, 17785500, 17785500, 19564050, 19564050, 0, 0, 2, NULL, '', 'E', NULL, '2019-09-06 14:34:31'),
(76, 'Nota-1908-E0058', '', '2019-08-01', '2019-09-15', 5, 1698250, 0, 0, 16982500, 16982500, 18680750, 18680750, 0, 0, 2, NULL, '', 'E', NULL, '2019-09-06 14:41:56'),
(77, 'Nota-1908-E0059', '', '2019-08-01', '2019-09-15', 5, 1453500, 0, 0, 14535000, 14535000, 15988500, 15988500, 0, 0, 2, NULL, '', 'E', NULL, '2019-09-06 15:00:59'),
(78, 'Nota-1908-E0060', '01', '2019-08-20', '2019-09-19', 7, 560000, 0, 0, 5600000, 5600000, 6160000, 6160000, 1, 0, 2, '', '', 'E', NULL, '2019-09-07 13:45:51'),
(79, 'Nota-1908-E0061', '', '2019-08-10', '2019-09-24', 5, 1542500, 0, 0, 15425000, 15425000, 16967500, 16967500, 0, 0, 2, NULL, '', 'E', NULL, '2019-09-09 12:56:03'),
(80, 'Nota-1908-E0062', '', '2019-08-14', '2019-09-28', 5, 555000, 0, 0, 5550000, 5550000, 6105000, 6105000, 0, 0, 2, NULL, '', 'E', NULL, '2019-09-09 12:58:49'),
(81, 'Nota-1908-E0063', '', '2019-08-20', '2019-10-04', 5, 1103250, 0, 0, 11032500, 11032500, 12135750, 12135750, 0, 0, 2, NULL, '', 'E', NULL, '2019-09-09 13:01:40'),
(82, 'Nota-1908-D0011', '01', '2019-08-13', '2019-09-27', 6, 141500, 0, 0, 1415000, 1415000, 1556500, 1556500, 0, 0, 2, '', '', 'D', NULL, '2019-09-10 12:15:54'),
(83, 'Nota-1908-D0012', '', '2019-08-21', '2019-10-05', 6, 258000, 0, 0, 2580000, 2580000, 2838000, 2838000, 0, 0, 2, NULL, '', 'D', NULL, '2019-09-09 13:12:50'),
(84, 'Nota-1908-D0013', '', '2019-08-27', '2019-10-11', 6, 291000, 0, 0, 2910000, 2910000, 3201000, 3201000, 0, 0, 2, NULL, '', 'D', NULL, '2019-09-09 13:15:41'),
(85, 'Nota-1908-D0014', '', '2019-08-07', '2019-09-06', 12, 42000, 0, 0, 420000, 420000, 462000, 462000, 0, 0, 2, NULL, '', 'D', NULL, '2019-09-10 12:18:47'),
(86, 'Nota-1908-D0015', '', '2019-08-07', '2019-09-06', 30, 96000, 0, 0, 960000, 960000, 1056000, 1056000, 0, 0, 2, NULL, '', 'D', NULL, '2019-09-10 12:20:38'),
(87, 'Nota-1909-E0064', '1', '2019-09-04', '2019-10-04', 8, 652400, 0, 0, 6524000, 6524000, 7176400, 7176400, 0, 0, 2, '', '', 'E', NULL, '2019-09-10 13:17:25'),
(88, 'Nota-1909-E0065', '', '2019-09-03', '2019-10-03', 7, 144000, 0, 0, 1440000, 1440000, 1584000, 1584000, 0, 0, 2, NULL, '', 'E', NULL, '2019-09-10 13:16:54'),
(89, 'Nota-1909-E0066', '', '2019-09-05', '2019-10-05', 9, 1050975, 0, 0, 10509750, 10509750, 11560725, 11560725, 0, 0, 2, NULL, '', 'E', NULL, '2019-09-10 13:20:10'),
(90, 'Nota-1909-E0067', '', '2019-09-05', '2019-10-05', 18, 558625, 0, 0, 5586250, 5586250, 6144875, 6144875, 0, 0, 2, NULL, '', 'E', NULL, '2019-09-10 13:22:40'),
(91, 'Nota-1909-E0068', '', '2019-09-01', '2019-10-01', 10, 50000, 0, 0, 500000, 500000, 550000, 550000, 0, 0, 2, NULL, '', 'E', NULL, '2019-09-10 13:30:13'),
(92, 'Nota-1909-E0069', '', '2019-09-04', '2019-10-04', 10, 362050, 0, 0, 3620500, 3620500, 3982550, 3982550, 0, 0, 2, NULL, '', 'E', NULL, '2019-09-10 13:47:39'),
(93, 'Nota-1909-E0070', '', '2019-09-21', '2019-10-21', 8, 359350, 0, 0, 3593500, 3593500, 3952850, 3952850, 0, 0, 2, NULL, '', 'E', NULL, '2019-10-04 14:43:50'),
(94, 'Nota-1908-E0071', '001', '2019-08-21', '2019-09-20', 18, 1290145, 0, 0, 12901450, 12901450, 14191595, 14191595, 0, 0, 2, '', '', 'E', NULL, '2019-10-29 11:15:12'),
(95, 'Nota-1909-E0072', '', '2019-09-10', '2019-10-10', 9, 24000, 0, 0, 240000, 240000, 264000, 264000, 0, 0, 2, NULL, '', 'E', NULL, '2019-10-05 00:07:15'),
(96, 'Nota-1909-E0073', '', '2019-09-18', '2019-10-18', 9, 645500, 0, 0, 6455000, 6455000, 7100500, 7100500, 0, 0, 2, NULL, '', 'E', NULL, '2019-10-07 14:57:15'),
(97, 'Nota-1909-E0074', '1', '2019-09-20', '2019-10-20', 9, 525000, 0, 0, 5250000, 5250000, 5775000, 5775000, 0, 0, 2, '', '', 'E', NULL, '2019-10-07 15:47:00'),
(98, 'Nota-1909-D0016', '', '2019-09-09', '2019-10-09', 31, 11000, 0, 0, 110000, 110000, 121000, 121000, 0, 0, 2, NULL, '', 'D', NULL, '2019-10-07 15:04:18'),
(99, 'Nota-1909-E0075', '', '2019-09-16', '2019-10-16', 20, 28800, 0, 0, 288000, 288000, 316800, 316800, 0, 0, 2, NULL, '', 'E', NULL, '2019-10-07 15:14:10'),
(100, 'Nota-1909-E0076', '', '2019-09-27', '2019-10-27', 10, 283000, 0, 0, 2830000, 2830000, 3113000, 3113000, 0, 0, 2, NULL, '', 'E', NULL, '2019-10-07 15:16:20'),
(101, 'Nota-1909-E0077', '', '2019-09-10', '2019-10-10', 32, 56000, 0, 0, 560000, 560000, 616000, 616000, 0, 0, 2, NULL, '', 'E', NULL, '2019-10-07 15:18:37'),
(102, 'Nota-1909-E0078', '', '2019-09-10', '2019-10-10', 33, 10000, 0, 0, 100000, 100000, 110000, 110000, 0, 0, 2, NULL, '', 'E', NULL, '2019-10-07 15:20:23'),
(103, 'Nota-1909-E0079', '', '2019-09-12', '2019-10-12', 9, 375000, 0, 0, 3750000, 3750000, 4125000, 4125000, 0, 0, 2, NULL, '', 'E', NULL, '2019-10-07 15:21:50'),
(104, 'Nota-1909-T0004', '', '2019-09-17', '2019-10-17', 14, 432000, 0, 0, 4320000, 4320000, 4752000, 4752000, 0, 0, 2, NULL, '', 'T', NULL, '2019-10-07 15:24:25'),
(105, 'Nota-1909-T0005', '', '2019-09-17', '2019-10-17', 24, 144000, 0, 0, 1440000, 1440000, 1584000, 1584000, 0, 0, 2, NULL, '', 'T', NULL, '2019-10-07 15:26:34'),
(106, 'Nota-1909-E0080', '', '2019-09-24', '2019-10-24', 16, 52000, 0, 0, 520000, 520000, 572000, 572000, 0, 0, 2, NULL, '', 'E', NULL, '2019-10-07 15:33:18'),
(107, 'Nota-1909-E0081', '', '2019-09-18', '2019-10-18', 34, 168000, 0, 0, 1680000, 1680000, 1848000, 1848000, 0, 0, 2, NULL, '', 'E', NULL, '2019-10-07 15:36:44'),
(108, 'Nota-1909-H0003', '1', '2019-09-23', '2019-10-23', 3, 347000, 0, 0, 3470000, 3470000, 3817000, 3817000, 0, 0, 2, '', '', 'H', NULL, '2019-10-07 15:54:45'),
(109, 'Nota-1910-C0004', '1', '2019-09-20', '2019-10-20', 15, 1110000, 0, 0, 11100000, 11100000, 12210000, 12210000, 0, 0, 2, '', '', 'C', NULL, '2019-10-07 15:44:43'),
(110, 'Nota-1910-C0005', '', '2019-10-01', '2019-10-31', 15, 880000, 0, 0, 8800000, 8800000, 9680000, 9680000, 0, 0, 2, NULL, '', 'C', NULL, '2019-10-07 15:43:26'),
(111, 'Nota-1909-E0082', '', '2019-09-20', '2019-10-20', 35, 400200, 0, 0, 4002000, 4002000, 4402200, 4402200, 0, 0, 2, NULL, '', 'E', NULL, '2019-10-07 15:48:51'),
(112, 'Nota-1909-D0017', '', '2019-09-14', '2019-10-29', 6, 238500, 0, 0, 2385000, 2385000, 2623500, 2623500, 0, 0, 2, NULL, '', 'D', NULL, '2019-10-11 11:59:31'),
(113, 'Nota-1909-D0018', '', '2019-09-26', '2019-11-10', 6, 272000, 0, 0, 2720000, 2720000, 2992000, 2992000, 0, 0, 2, NULL, '', 'D', NULL, '2019-10-11 12:02:13'),
(114, 'Nota-1910-D0019', '', '2019-10-01', '2019-10-31', 13, 773500, 0, 0, 7735000, 7735000, 8508500, 8508500, 0, 0, 2, NULL, '', 'D', NULL, '2019-10-11 12:08:06'),
(115, 'Nota-1910-D0020', '', '2019-10-01', '2019-11-15', 6, 282000, 0, 0, 2820000, 2820000, 3102000, 3102000, 0, 0, 2, NULL, '', 'D', NULL, '2019-10-11 12:09:45'),
(116, 'Nota-1909-E0083', '', '2019-09-02', '2019-10-17', 5, 1102500, 0, 0, 11025000, 11025000, 12127500, 12127500, 0, 0, 2, NULL, '', 'E', NULL, '2019-10-11 12:38:20'),
(117, 'Nota-1909-E0084', '', '2019-09-01', '2019-10-16', 5, 1177500, 0, 0, 11775000, 11775000, 12952500, 12952500, 0, 0, 2, NULL, '', 'E', NULL, '2019-10-11 12:55:59'),
(118, 'Nota-1909-E0085', '1', '2019-09-01', '2019-10-16', 5, 97500, 0, 0, 975000, 975000, 1072500, 1072500, 0, 0, 2, '', '', 'E', NULL, '2019-10-15 23:45:36'),
(119, 'Nota-1909-E0086', '1', '2019-09-11', '2019-10-26', 5, 562800, 0, 0, 5628000, 5628000, 6190800, 6190800, 0, 0, 2, '', '', 'E', NULL, '2019-10-11 13:26:42'),
(120, 'Nota-1909-E0087', '', '2019-09-21', '2019-11-05', 5, 1605000, 0, 0, 16050000, 16050000, 17655000, 17655000, 0, 0, 2, NULL, '', 'E', NULL, '2019-10-11 13:43:01'),
(121, 'Nota-1909-E0088', '', '2019-09-13', '2019-10-28', 5, 240000, 0, 0, 2400000, 2400000, 2640000, 2640000, 0, 0, 2, NULL, '', 'E', NULL, '2019-10-11 13:45:25'),
(122, 'Nota-1909-E0089', '1', '2019-09-18', '2019-11-02', 5, 252000, 0, 0, 2520000, 2520000, 2772000, 2772000, 0, 0, 2, '', '', 'E', NULL, '2019-10-11 13:49:57'),
(123, 'Nota-1908-T0006', '', '2019-08-27', '2019-09-26', 24, 1951200, 0, 0, 19512000, 19512000, 21463200, 21463200, 0, 0, 2, NULL, '', 'T', NULL, '2019-10-29 02:20:27'),
(124, 'Nota-1909-T0007', '', '2019-09-02', '2019-10-02', 24, 1468800, 0, 0, 14688000, 14688000, 16156800, 16156800, 0, 0, 2, NULL, '', 'T', NULL, '2019-10-29 02:22:20'),
(125, 'Nota-1910-T0008', '1', '2019-10-22', '2019-11-21', 24, 1802400, 0, 0, 18024000, 18024000, 19826400, 19826400, 0, 0, 2, '', '', 'T', NULL, '2019-10-29 02:27:23'),
(126, 'Nota-1910-T0009', '', '2019-10-08', '2019-11-07', 14, 648000, 0, 0, 6480000, 6480000, 7128000, 7128000, 0, 0, 2, NULL, '', 'T', NULL, '2019-10-29 02:28:10'),
(127, 'Nota-1908-C0006', '', '2019-08-05', '2019-09-04', 15, 970000, 0, 0, 9700000, 9700000, 10670000, 10670000, 0, 0, 2, NULL, '', 'C', NULL, '2019-10-29 02:31:47'),
(128, 'Nota-1909-C0007', '', '2019-09-05', '2019-10-05', 15, 1250000, 0, 0, 12500000, 12500000, 13750000, 13750000, 0, 0, 2, NULL, '', 'C', NULL, '2019-10-29 02:32:43'),
(129, 'Nota-1910-C0008', '', '2019-10-18', '2019-11-17', 15, 700000, 0, 0, 7000000, 7000000, 7700000, 7700000, 0, 0, 2, NULL, '', 'C', NULL, '2019-10-29 02:34:47'),
(130, 'Nota-1911-C0009', '', '2019-11-02', '2019-12-02', 15, 700000, 0, 0, 7000000, 7000000, 7700000, 7700000, 0, 0, 2, NULL, '', 'C', NULL, '2019-10-29 02:35:39'),
(131, 'Nota-1908-H0004', '1', '2019-08-09', '2019-09-08', 3, 875000, 0, 0, 8750000, 8750000, 9625000, 9625000, 0, 0, 2, '', '', 'H', NULL, '2019-10-29 02:45:15'),
(132, 'Nota-1908-H0005', '', '2019-08-27', '2019-09-26', 3, 500000, 0, 0, 5000000, 5000000, 5500000, 5500000, 0, 0, 2, NULL, '', 'H', NULL, '2019-10-29 02:46:42'),
(133, 'Nota-1909-H0006', '1', '2019-09-01', '2019-10-01', 3, 750000, 0, 0, 7500000, 7500000, 8250000, 8250000, 0, 0, 2, '', '', 'H', NULL, '2019-10-29 02:54:26'),
(134, 'Nota-1910-H0007', '', '2019-10-02', '2019-11-01', 3, 937500, 0, 0, 9375000, 9375000, 10312500, 10312500, 0, 0, 2, NULL, '', 'H', NULL, '2019-10-29 02:55:41'),
(135, 'Nota-1910-H0008', '', '2019-10-17', '2019-11-16', 3, 300000, 0, 0, 3000000, 3000000, 3300000, 3300000, 0, 0, 2, NULL, '', 'H', NULL, '2019-10-29 02:57:39'),
(136, 'Nota-1910-H0009', '', '2019-10-22', '2019-11-21', 3, 400000, 0, 0, 4000000, 4000000, 4400000, 4400000, 0, 0, 2, NULL, '', 'H', NULL, '2019-10-29 02:58:53'),
(137, 'Nota-1910-E0090', '1', '2019-09-24', '2019-10-24', 23, 161500, 0, 0, 1615000, 1615000, 1776500, 1776500, 0, 0, 2, '', '', 'E', NULL, '2019-10-29 03:28:59'),
(138, 'Nota-1909-E0091', '', '2019-09-18', '2019-10-18', 36, 24000, 0, 0, 240000, 240000, 264000, 264000, 0, 0, 2, NULL, '', 'E', NULL, '2019-10-29 03:26:39'),
(139, 'Nota-1909-E0092', '', '2019-09-21', '2019-10-21', 28, 120000, 0, 0, 1200000, 1200000, 1320000, 1320000, 0, 0, 2, NULL, '', 'E', NULL, '2019-10-29 03:27:30'),
(140, 'Nota-1909-E0093', '', '2019-09-18', '2019-10-18', 37, 56000, 0, 0, 560000, 560000, 616000, 616000, 0, 0, 2, NULL, '', 'E', NULL, '2019-10-29 03:31:49'),
(141, 'Nota-1909-E0094', '', '2019-09-24', '2019-09-24', 27, 448000, 0, 0, 4480000, 4480000, 4928000, 4928000, 0, 0, 2, NULL, '', 'E', NULL, '2019-10-29 03:35:26'),
(142, 'Nota-1909-E0095', '', '2019-09-16', '2019-10-16', 19, 140000, 0, 0, 1400000, 1400000, 1540000, 1540000, 0, 0, 2, NULL, '', 'E', NULL, '2019-10-29 03:36:20'),
(143, 'Nota-1910-E0096', '', '2019-10-01', '2019-10-31', 9, 144000, 0, 0, 1440000, 1440000, 1584000, 1584000, 0, 0, 2, NULL, '', 'E', NULL, '2019-10-29 04:34:02'),
(144, 'Nota-1910-E0097', '', '2019-10-09', '2019-11-08', 9, 1441500, 0, 0, 14415000, 14415000, 15856500, 15856500, 0, 0, 2, NULL, '', 'E', NULL, '2019-10-29 04:37:42'),
(145, 'Nota-1910-E0098', '', '2019-10-12', '2019-11-11', 9, 490000, 0, 0, 4900000, 4900000, 5390000, 5390000, 0, 0, 2, NULL, '', 'E', NULL, '2019-10-29 04:39:41'),
(146, 'Nota-1910-E0099', '', '2019-10-15', '2019-11-14', 9, 782300, 0, 0, 7823000, 7823000, 8605300, 8605300, 0, 0, 2, NULL, '', 'E', NULL, '2019-10-29 05:01:57'),
(147, 'Nota-1910-E0100', '', '2019-10-15', '2019-11-14', 9, 808000, 0, 0, 8080000, 8080000, 8888000, 8888000, 0, 0, 2, NULL, '', 'E', NULL, '2019-10-29 05:05:18'),
(148, 'Nota-1910-E0101', '', '2019-10-22', '2019-11-21', 9, 385000, 0, 0, 3850000, 3850000, 4235000, 4235000, 0, 0, 2, NULL, '', 'E', NULL, '2019-10-29 05:07:06'),
(149, 'Nota-1910-D0021', '', '2019-10-15', '2019-11-14', 31, 54000, 0, 0, 540000, 540000, 594000, 594000, 0, 0, 2, NULL, '', 'D', NULL, '2019-10-29 05:10:44'),
(150, 'Nota-1910-E0102', '', '2019-10-17', '2019-11-16', 18, 834600, 0, 0, 8346000, 8346000, 9180600, 9180600, 0, 0, 2, NULL, '', 'E', NULL, '2019-10-29 08:37:05'),
(151, 'Nota-1910-E0103', '', '2019-10-10', '2019-11-09', 8, 410000, 0, 0, 4100000, 4100000, 4510000, 4510000, 0, 0, 2, NULL, '', 'E', NULL, '2019-10-29 08:44:29'),
(152, 'Nota-1910-E0104', '', '2019-10-28', '2019-11-27', 7, 360000, 0, 0, 3600000, 3600000, 3960000, 3960000, 0, 0, 2, NULL, '', 'E', NULL, '2019-10-29 08:45:46'),
(153, 'Nota-1910-E0105', '', '2019-10-08', '2019-11-07', 20, 373600, 0, 0, 3736000, 3736000, 4109600, 4109600, 0, 0, 2, NULL, '', 'E', NULL, '2019-10-29 08:54:46'),
(154, 'Nota-1910-E0106', '', '2019-10-01', '2019-10-31', 10, 144000, 0, 0, 1440000, 1440000, 1584000, 1584000, 0, 0, 2, NULL, '', 'E', NULL, '2019-10-29 08:55:48'),
(155, 'Nota-1910-E0107', '', '2019-10-19', '2019-11-18', 17, 114000, 0, 0, 1140000, 1140000, 1254000, 1254000, 0, 0, 2, NULL, '', 'E', NULL, '2019-10-29 09:00:32'),
(156, 'Nota-1910-E0108', '', '2019-10-17', '2019-10-17', 27, 66000, 0, 0, 660000, 660000, 726000, 726000, 0, 0, 2, NULL, '', 'E', NULL, '2019-10-29 09:06:54'),
(157, 'Nota-1910-E0109', '', '2019-10-22', '2019-11-21', 38, 34200, 0, 0, 342000, 342000, 376200, 376200, 0, 0, 2, NULL, '', 'E', NULL, '2019-10-29 09:10:06'),
(158, 'Nota-1910-E0110', '', '2019-10-25', '2019-11-24', 22, 28000, 0, 0, 280000, 280000, 308000, 308000, 0, 0, 2, NULL, '', 'E', NULL, '2019-10-29 09:11:58'),
(159, 'Nota-1910-E0111', '', '2019-10-19', '2019-11-18', 22, 56000, 0, 0, 560000, 560000, 616000, 616000, 0, 0, 2, NULL, '', 'E', NULL, '2019-10-29 09:13:43'),
(160, 'Nota-1910-E0112', '1', '2019-10-23', '2019-11-22', 39, 36000, 0, 0, 360000, 360000, 396000, 396000, 0, 0, 2, '', '', 'E', NULL, '2019-10-29 10:03:12'),
(161, 'Nota-1910-E0113', '', '2019-10-01', '2019-11-15', 5, 285000, 0, 0, 2850000, 2850000, 3135000, 3135000, 0, 0, 2, NULL, '', 'E', NULL, '2019-10-29 09:57:58'),
(162, 'Nota-1910-E0114', '', '2019-10-01', '2019-11-15', 5, 1480875, 0, 0, 14808750, 14808750, 16289625, 16289625, 0, 0, 2, NULL, '', 'E', NULL, '2019-10-29 10:01:39'),
(163, 'Nota-1910-E0115', '', '2019-10-23', '2019-11-22', 40, 72000, 0, 0, 720000, 720000, 792000, 792000, 0, 0, 2, NULL, '', 'E', NULL, '2019-10-29 10:05:01'),
(164, 'Nota-1910-E0116', '', '2019-10-03', '2019-11-17', 5, 1091500, 0, 0, 10915000, 10915000, 12006500, 12006500, 0, 0, 2, NULL, '', 'E', NULL, '2019-10-29 10:17:15'),
(165, 'Nota-1910-E0117', '', '2019-10-01', '2019-11-15', 5, 220000, 0, 0, 2200000, 2200000, 2420000, 2420000, 0, 0, 2, NULL, '', 'E', NULL, '2019-10-29 10:46:33'),
(166, 'Nota-1910-E0118', '', '2019-10-08', '2019-11-22', 5, 562500, 0, 0, 5625000, 5625000, 6187500, 6187500, 0, 0, 2, NULL, '', 'E', NULL, '2019-10-29 10:48:40'),
(167, 'Nota-1910-E0119', '', '2019-10-08', '2019-11-22', 5, 214000, 0, 0, 2140000, 2140000, 2354000, 2354000, 0, 0, 2, NULL, '', 'E', NULL, '2019-10-29 10:50:43'),
(168, 'Nota-1910-E0120', '', '2019-10-17', '2019-12-01', 5, 1006500, 0, 0, 10065000, 10065000, 11071500, 11071500, 0, 0, 2, NULL, '', 'E', NULL, '2019-10-29 11:00:37'),
(169, 'Nota-1910-E0121', '', '2019-10-25', '2019-12-09', 5, 295000, 0, 0, 2950000, 2950000, 3245000, 3245000, 0, 0, 2, NULL, '', 'E', NULL, '2019-10-29 11:04:34'),
(170, 'Nota-1911-E0122', '', '2019-11-01', '2019-12-16', 5, 1135550, 0, 0, 11355500, 11355500, 12491050, 12491050, 0, 0, 2, NULL, '', 'E', NULL, '2019-10-29 11:10:33'),
(171, 'Nota-1911-E0123', '', '2019-11-01', '2019-12-16', 5, 1485000, 0, 0, 14850000, 14850000, 16335000, 16335000, 0, 0, 2, NULL, '', 'E', NULL, '2019-10-29 11:13:03'),
(172, 'Nota-1910-E0124', '', '2019-10-28', '2019-12-12', 5, 200000, 0, 0, 2000000, 2000000, 2200000, 2200000, 0, 0, 2, NULL, '', 'E', NULL, '2019-10-29 11:14:06'),
(173, 'Nota-1910-D0022', '', '2019-10-12', '2019-11-26', 6, 507450, 0, 0, 5074500, 5074500, 5581950, 5581950, 0, 0, 2, NULL, '', 'D', NULL, '2019-10-29 11:19:43'),
(174, 'Nota-1910-D0023', '', '2019-10-22', '2019-12-06', 6, 243900, 0, 0, 2439000, 2439000, 2682900, 2682900, 0, 0, 2, NULL, '', 'D', NULL, '2019-10-29 11:21:06');

-- --------------------------------------------------------

--
-- Table structure for table `tm_nota_item`
--

CREATE TABLE `tm_nota_item` (
  `i_id_item_nota` int(11) NOT NULL,
  `i_id_nota` int(11) NOT NULL,
  `i_kode_brg` varchar(10) NOT NULL,
  `i_id_warna` int(11) NOT NULL DEFAULT '0',
  `n_qty` float NOT NULL,
  `v_harga_satuan` int(11) NOT NULL,
  `n_diskon` double NOT NULL DEFAULT '0',
  `e_desc` varchar(255) DEFAULT NULL,
  `i_no_item` int(11) NOT NULL DEFAULT '1',
  `d_input` timestamp NULL DEFAULT NULL,
  `d_update` timestamp NULL DEFAULT NULL
) ENGINE=InnoDB DEFAULT CHARSET=latin1;

--
-- Dumping data for table `tm_nota_item`
--

INSERT INTO `tm_nota_item` (`i_id_item_nota`, `i_id_nota`, `i_kode_brg`, `i_id_warna`, `n_qty`, `v_harga_satuan`, `n_diskon`, `e_desc`, `i_no_item`, `d_input`, `d_update`) VALUES
(2, 2, 'D0001', 0, 20, 19500, 0, '', 1, '2019-05-27 15:02:42', NULL),
(3, 3, 'D0006', 0, 7000, 135, 0, '', 1, '2019-06-08 13:49:04', NULL),
(4, 1, 'E0001', 0, 2000, 375, 0, 'URGENT', 1, NULL, '2019-06-09 12:36:17'),
(13, 7, 'E0025', 0, 40, 8000, 0, '', 1, '2019-07-07 13:52:12', NULL),
(14, 7, 'E0026', 0, 40, 10000, 0, '', 2, '2019-07-07 13:52:12', NULL),
(15, 6, 'E0021', 0, 3300, 500, 0, '', 1, NULL, '2019-07-07 13:52:38'),
(16, 6, 'E0022', 0, 6000, 420, 0, '', 2, NULL, '2019-07-07 13:52:38'),
(17, 6, 'E0023', 0, 6000, 350, 0, '', 3, NULL, '2019-07-07 13:52:38'),
(18, 6, 'E0024', 0, 5000, 500, 0, '', 4, NULL, '2019-07-07 13:52:38'),
(22, 8, 'E0027', 0, 40, 10000, 0, '', 1, '2019-07-07 13:54:19', NULL),
(23, 8, 'E0028', 0, 60, 9000, 0, '', 2, '2019-07-07 13:54:19', NULL),
(24, 8, 'E0029', 0, 40, 10000, 0, '', 3, '2019-07-07 13:54:19', NULL),
(27, 11, 'A0001', 0, 135, 48000, 0, '', 1, '2019-07-07 14:17:40', NULL),
(28, 11, 'A0001', 0, 10, 48000, 0, '', 1, '2019-07-08 14:11:02', NULL),
(29, 12, 'C0001', 0, 20, 135, 0, '', 1, '2019-07-08 14:24:19', NULL),
(30, 13, 'H0001', 0, 200, 135, 0, '', 1, '2019-07-08 14:41:09', NULL),
(31, 5, 'E0019', 0, 1000, 1200, 0, '', 1, NULL, '2019-07-09 12:58:59'),
(32, 5, 'E0020', 0, 1600, 600, 0, '', 2, NULL, '2019-07-09 12:58:59'),
(33, 14, 'E0018', 0, 1600, 90, 0, '', 1, '2019-07-09 13:00:32', NULL),
(34, 9, 'D0007', 0, 10, 60000, 0, '', 1, NULL, '2019-07-09 13:03:20'),
(35, 15, 'E0030', 0, 5900, 675, 0, '', 1, '2019-07-09 13:07:17', NULL),
(40, 17, 'D0001', 0, 49, 19500, 0, '', 1, '2019-07-09 14:34:21', NULL),
(41, 17, 'D0006', 0, 13000, 135, 0, '', 2, '2019-07-09 14:34:21', NULL),
(42, 18, 'D0001', 0, 58, 19500, 0, '', 1, '2019-07-09 14:35:31', NULL),
(43, 19, 'E0033', 0, 20, 14000, 0, '', 1, '2019-07-09 15:21:40', NULL),
(44, 20, 'E0009', 0, 40, 13000, 0, '', 1, '2019-07-09 15:27:04', NULL),
(45, 20, 'E0038', 0, 60, 14000, 0, '', 2, '2019-07-09 15:27:04', NULL),
(46, 20, 'E0039', 0, 60, 14000, 0, '', 3, '2019-07-09 15:27:04', NULL),
(47, 20, 'E0040', 0, 60, 14000, 0, '', 4, '2019-07-09 15:27:04', NULL),
(48, 20, 'E0008', 0, 40, 12750, 0, '', 5, '2019-07-09 15:27:04', NULL),
(49, 20, 'E0026', 0, 11, 10000, 0, '', 6, '2019-07-09 15:27:04', NULL),
(50, 21, 'E0042', 0, 60, 14000, 0, '', 1, '2019-07-09 15:28:00', NULL),
(51, 22, 'E0034', 0, 3000, 375, 0, '', 1, '2019-07-09 15:30:48', NULL),
(52, 22, 'E0035', 0, 3000, 475, 0, '', 2, '2019-07-09 15:30:48', NULL),
(53, 22, 'E0011', 0, 3000, 375, 0, '', 3, '2019-07-09 15:30:48', NULL),
(54, 22, 'E0001', 0, 3000, 350, 0, '', 4, '2019-07-09 15:30:48', NULL),
(55, 23, 'E0037', 0, 7420, 90, 0, '', 1, '2019-07-09 15:32:52', NULL),
(56, 24, 'E0041', 0, 3000, 650, 0, '', 1, '2019-07-09 15:34:37', NULL),
(57, 24, 'E0012', 0, 3000, 400, 0, '', 2, '2019-07-09 15:34:37', NULL),
(58, 24, 'E0037', 0, 15050, 90, 0, '', 3, '2019-07-09 15:34:37', NULL),
(59, 25, 'E0043', 0, 3000, 425, 0, '', 1, '2019-07-09 15:35:53', NULL),
(60, 25, 'E0044', 0, 3000, 350, 0, '', 2, '2019-07-09 15:35:53', NULL),
(61, 25, 'E0045', 0, 3000, 450, 0, '', 3, '2019-07-09 15:35:53', NULL),
(65, 27, 'E0050', 0, 1160, 1000, 0, '', 1, '2019-07-09 16:07:58', NULL),
(66, 27, 'E0051', 0, 300, 1250, 0, '', 2, '2019-07-09 16:07:58', NULL),
(67, 27, 'E0052', 0, 2765, 500, 0, '', 3, '2019-07-09 16:07:58', NULL),
(68, 27, 'E0053', 0, 144, 350, 0, '', 4, '2019-07-09 16:07:58', NULL),
(69, 28, 'E0049', 0, 1150, 350, 0, '', 1, '2019-07-09 16:08:58', NULL),
(72, 31, 'E0036', 0, 3700, 525, 0, '', 1, '2019-07-12 00:24:21', NULL),
(73, 16, 'D0002', 0, 5.2, 55000, 0, '', 1, NULL, '2019-08-11 12:14:37'),
(74, 16, 'D0003', 0, 114, 50000, 0, '', 2, NULL, '2019-08-11 12:14:37'),
(75, 16, 'D0001', 0, 59, 19500, 0, '', 3, NULL, '2019-08-11 12:14:37'),
(76, 16, 'D0007', 0, 2, 60000, 0, '', 4, NULL, '2019-08-11 12:14:37'),
(77, 32, 'D0001', 0, 59, 19500, 0, '', 1, '2019-08-11 13:10:28', NULL),
(78, 32, 'D0006', 0, 16000, 135, 0, '', 2, '2019-08-11 13:10:28', NULL),
(79, 32, 'D0002', 0, 10, 55000, 0, '', 3, '2019-08-11 13:10:28', NULL),
(80, 33, 'E0056', 0, 3000, 600, 0, '', 1, '2019-08-11 13:20:59', NULL),
(81, 33, 'E0057', 0, 3000, 475, 0, '', 2, '2019-08-11 13:20:59', NULL),
(82, 33, 'E0058', 0, 3000, 600, 0, '', 3, '2019-08-11 13:20:59', NULL),
(83, 33, 'E0059', 0, 3000, 600, 0, '', 4, '2019-08-11 13:20:59', NULL),
(84, 33, 'E0060', 0, 3000, 475, 0, '', 5, '2019-08-11 13:20:59', NULL),
(85, 33, 'E0061', 0, 3000, 575, 0, '', 6, '2019-08-11 13:20:59', NULL),
(86, 33, 'E0011', 0, 9000, 375, 0, '', 7, '2019-08-11 13:20:59', NULL),
(87, 33, 'E0001', 0, 3000, 350, 0, '', 8, '2019-08-11 13:20:59', NULL),
(88, 33, 'E0064', 0, 3000, 600, 0, '', 9, '2019-08-11 13:20:59', NULL),
(89, 33, 'E0065', 0, 3000, 600, 0, '', 10, '2019-08-11 13:20:59', NULL),
(90, 34, 'E0012', 0, 6000, 400, 0, '', 1, '2019-08-11 13:34:08', NULL),
(91, 34, 'E0062', 0, 3000, 600, 0, '', 2, '2019-08-11 13:34:08', NULL),
(92, 34, 'E0063', 0, 3000, 500, 0, '', 3, '2019-08-11 13:34:08', NULL),
(93, 34, 'E0072', 0, 3000, 475, 0, '', 4, '2019-08-11 13:34:08', NULL),
(94, 34, 'E0073', 0, 3000, 475, 0, '', 5, '2019-08-11 13:34:08', NULL),
(95, 34, 'E0070', 0, 3000, 475, 0, '', 6, '2019-08-11 13:34:08', NULL),
(96, 34, 'E0071', 0, 3000, 475, 0, '', 7, '2019-08-11 13:34:08', NULL),
(97, 34, 'E0069', 0, 3000, 425, 0, '', 8, '2019-08-11 13:34:08', NULL),
(98, 34, 'E0031', 0, 3000, 500, 0, '', 9, '2019-08-11 13:34:08', NULL),
(99, 34, 'E0058', 0, 3000, 600, 0, '', 10, '2019-08-11 13:34:08', NULL),
(100, 35, 'E0074', 0, 3000, 475, 0, '', 1, '2019-08-11 13:47:04', NULL),
(101, 35, 'E0075', 0, 3000, 475, 0, '', 2, '2019-08-11 13:47:04', NULL),
(102, 35, 'E0076', 0, 3000, 425, 0, '', 3, '2019-08-11 13:47:04', NULL),
(103, 35, 'E0072', 0, 3000, 475, 0, '', 4, '2019-08-11 13:47:04', NULL),
(104, 35, 'E0077', 0, 3000, 475, 0, '', 5, '2019-08-11 13:47:04', NULL),
(105, 35, 'E0078', 0, 3000, 475, 0, '', 6, '2019-08-11 13:47:04', NULL),
(106, 35, 'E0066', 0, 3000, 600, 0, '', 7, '2019-08-11 13:47:04', NULL),
(107, 35, 'E0059', 0, 3000, 600, 0, '', 8, '2019-08-11 13:47:04', NULL),
(108, 36, 'E0079', 0, 6000, 2100, 0, '', 1, '2019-08-11 14:34:27', NULL),
(109, 36, 'E0088', 0, 3400, 425, 0, '', 2, '2019-08-11 14:34:27', NULL),
(110, 36, 'E0089', 0, 3000, 375, 0, '', 3, '2019-08-11 14:34:27', NULL),
(111, 36, 'E0090', 0, 3000, 475, 0, '', 4, '2019-08-11 14:34:27', NULL),
(112, 36, 'E0091', 0, 3000, 575, 0, '', 5, '2019-08-11 14:34:27', NULL),
(113, 36, 'E0087', 0, 3000, 525, 0, '', 6, '2019-08-11 14:34:27', NULL),
(114, 36, 'E0086', 0, 9106, 90, 0, '', 7, '2019-08-11 14:34:27', NULL),
(115, 36, 'E0084', 0, 3000, 475, 0, '', 8, '2019-08-11 14:34:27', NULL),
(116, 36, 'E0085', 0, 3000, 475, 0, '', 9, '2019-08-11 14:34:27', NULL),
(117, 37, 'E0067', 0, 6000, 475, 0, '', 1, '2019-08-11 14:38:31', NULL),
(118, 37, 'E0082', 0, 3000, 425, 0, '', 2, '2019-08-11 14:38:31', NULL),
(119, 37, 'E0083', 0, 3000, 475, 0, '', 3, '2019-08-11 14:38:31', NULL),
(120, 37, 'E0068', 0, 3000, 600, 0, '', 4, '2019-08-11 14:38:31', NULL),
(121, 37, 'E0071', 0, 3000, 475, 0, '', 5, '2019-08-11 14:38:31', NULL),
(122, 37, 'E0081', 0, 3000, 3000, 0, '', 6, '2019-08-11 14:38:31', NULL),
(123, 37, 'E0080', 0, 3000, 2200, 0, '', 7, '2019-08-11 14:38:31', NULL),
(124, 38, 'E0096', 0, 40, 15000, 0, '', 1, '2019-08-11 14:46:51', NULL),
(125, 38, 'E0095', 0, 40, 14000, 0, '', 2, '2019-08-11 14:46:51', NULL),
(126, 38, 'E0094', 0, 40, 10000, 0, '', 3, '2019-08-11 14:46:51', NULL),
(127, 38, 'E0092', 0, 40, 14000, 0, '', 4, '2019-08-11 14:46:51', NULL),
(128, 38, 'E0093', 0, 40, 14000, 0, '', 5, '2019-08-11 14:46:51', NULL),
(129, 38, 'E0042', 0, 40, 14000, 0, '', 6, '2019-08-11 14:46:51', NULL),
(130, 39, 'D0001', 0, 218, 19500, 0, '', 1, '2019-08-11 14:52:54', NULL),
(131, 39, 'D0003', 0, 20, 50000, 0, '', 2, '2019-08-11 14:52:54', NULL),
(132, 39, 'D0006', 0, 9000, 135, 0, '', 3, '2019-08-11 14:52:54', NULL),
(133, 40, 'E0098', 0, 40, 14000, 0, '', 1, '2019-08-11 15:20:05', NULL),
(134, 40, 'E0003', 0, 40, 14000, 0, '', 2, '2019-08-11 15:20:05', NULL),
(135, 40, 'E0097', 0, 40, 15000, 0, '', 3, '2019-08-11 15:20:05', NULL),
(136, 40, 'E0009', 0, 100, 13000, 0, '', 4, '2019-08-11 15:20:05', NULL),
(137, 4, 'E0017', 0, 3000, 500, 0, '', 1, NULL, '2019-08-11 15:39:25'),
(138, 29, 'E0054', 0, 20, 12000, 0, '', 1, NULL, '2019-08-11 15:42:50'),
(139, 30, 'E0055', 0, 40, 12000, 0, '', 1, NULL, '2019-08-11 15:43:39'),
(140, 41, 'E0108', 0, 3000, 350, 0, '', 1, '2019-08-12 12:20:33', NULL),
(141, 41, 'E0106', 0, 40, 12000, 0, '', 2, '2019-08-12 12:20:33', NULL),
(142, 41, 'E0107', 0, 40, 12000, 0, '', 3, '2019-08-12 12:20:33', NULL),
(145, 43, 'E0110', 0, 2000, 800, 0, '', 1, NULL, '2019-08-12 12:30:18'),
(146, 44, 'E0111', 0, 25, 16000, 0, '', 1, '2019-08-12 12:31:10', NULL),
(147, 45, 'E0111', 0, 25, 16000, 0, '', 1, '2019-08-12 12:32:47', NULL),
(148, 46, 'E0112', 0, 40, 12000, 0, '', 1, '2019-08-12 12:35:42', NULL),
(149, 46, 'E0111', 0, 20, 16000, 0, '', 2, '2019-08-12 12:35:42', NULL),
(154, 48, 'E0111', 0, 20, 16000, 0, '', 1, '2019-08-12 12:45:25', NULL),
(155, 49, 'D0007', 0, 10, 60000, 0, '', 1, '2019-08-12 12:47:11', NULL),
(157, 51, 'C0003', 0, 300, 14000, 0, '', 1, NULL, '2019-08-12 13:01:19'),
(158, 51, 'C0002', 0, 500, 11000, 0, '', 2, NULL, '2019-08-12 13:01:19'),
(159, 52, 'A0001', 0, 279.5, 48000, 0, '', 1, '2019-08-12 13:04:21', NULL),
(161, 54, 'C0003', 0, 100, 14000, 0, '', 1, '2019-08-12 13:27:52', NULL),
(162, 53, 'A0001', 0, 279.5, 48000, 0, '', 1, NULL, '2019-08-12 13:32:01'),
(163, 42, 'E0109', 0, 1500, 800, 0, '', 1, NULL, '2019-09-03 23:45:26'),
(164, 42, 'E0017', 0, 3000, 500, 0, '', 2, NULL, '2019-09-03 23:45:26'),
(165, 55, 'E0116', 0, 4000, 400, 0, '', 1, '2019-09-05 14:48:49', NULL),
(166, 55, 'E0117', 0, 1250, 600, 0, '', 2, '2019-09-05 14:48:49', NULL),
(167, 56, 'E0118', 0, 2000, 450, 0, '', 1, '2019-09-05 14:49:45', NULL),
(168, 57, 'E0119', 0, 2000, 850, 0, '', 1, '2019-09-05 14:50:37', NULL),
(185, 60, 'E0138', 0, 40, 16000, 0, '', 1, '2019-09-06 13:12:52', NULL),
(186, 61, 'E0127', 0, 2000, 750, 0, '', 1, '2019-09-06 13:15:59', NULL),
(187, 62, 'E0116', 0, 3000, 400, 0, '', 1, '2019-09-06 13:17:31', NULL),
(188, 62, 'E0139', 0, 3000, 500, 0, '', 2, '2019-09-06 13:17:31', NULL),
(189, 62, 'E0140', 0, 1250, 450, 0, '', 3, '2019-09-06 13:17:31', NULL),
(190, 63, 'E0029', 0, 40, 10000, 0, '', 1, '2019-09-06 13:21:24', NULL),
(191, 63, 'E0141', 0, 40, 14000, 0, '', 2, '2019-09-06 13:21:24', NULL),
(192, 63, 'E0142', 0, 40, 14000, 0, '', 3, '2019-09-06 13:21:24', NULL),
(193, 63, 'E0143', 0, 40, 8000, 0, '', 4, '2019-09-06 13:21:24', NULL),
(194, 64, 'E0116', 0, 3000, 400, 0, '', 1, '2019-09-06 13:24:23', NULL),
(195, 64, 'E0139', 0, 3000, 500, 0, '', 2, '2019-09-06 13:24:23', NULL),
(196, 65, 'E0140', 0, 1250, 450, 0, '', 1, '2019-09-06 13:25:25', NULL),
(197, 66, 'E0144', 0, 2000, 450, 0, '', 1, '2019-09-06 13:40:22', NULL),
(198, 67, 'E0109', 0, 1500, 800, 0, '', 1, '2019-09-06 13:45:12', NULL),
(199, 68, 'E0137', 0, 3000, 400, 0, '', 1, '2019-09-06 13:47:52', NULL),
(200, 69, 'E0135', 0, 101, 2750, 0, '', 1, '2019-09-06 13:48:53', NULL),
(201, 70, 'E0111', 0, 20, 16000, 0, '', 1, '2019-09-06 13:49:57', NULL),
(202, 70, 'E0112', 0, 5, 12000, 0, '', 2, '2019-09-06 13:49:57', NULL),
(203, 71, 'E0130', 0, 2500, 650, 0, '', 1, '2019-09-06 13:50:45', NULL),
(204, 72, 'E0136', 0, 3000, 400, 0, '', 1, '2019-09-06 13:51:38', NULL),
(205, 73, 'E0009', 0, 20, 13000, 0, '', 1, '2019-09-06 13:52:33', NULL),
(206, 74, 'E0132', 0, 2000, 550, 0, '', 1, '2019-09-06 13:54:55', NULL),
(207, 74, 'E0133', 0, 2000, 550, 0, '', 2, '2019-09-06 13:54:55', NULL),
(208, 74, 'E0134', 0, 2000, 400, 0, '', 3, '2019-09-06 13:54:55', NULL),
(209, 75, 'E0146', 0, 3000, 475, 0, '', 1, '2019-09-06 14:34:31', NULL),
(210, 75, 'E0056', 0, 3000, 600, 0, '', 2, '2019-09-06 14:34:31', NULL),
(211, 75, 'E0057', 0, 3000, 475, 0, '', 3, '2019-09-06 14:34:31', NULL),
(212, 75, 'E0145', 0, 8250, 475, 0, '', 4, '2019-09-06 14:34:31', NULL),
(213, 75, 'E0067', 0, 8250, 475, 0, '', 5, '2019-09-06 14:34:31', NULL),
(214, 75, 'E0102', 0, 3000, 425, 0, '', 6, '2019-09-06 14:34:31', NULL),
(215, 75, 'E0101', 0, 3000, 425, 0, '', 7, '2019-09-06 14:34:31', NULL),
(216, 75, 'E0103', 0, 3000, 475, 0, '', 8, '2019-09-06 14:34:31', NULL),
(217, 75, 'E0086', 0, 4200, 90, 0, '', 9, '2019-09-06 14:34:31', NULL),
(218, 75, 'E0037', 0, 10500, 90, 0, '', 10, '2019-09-06 14:34:31', NULL),
(219, 76, 'E0147', 0, 3000, 475, 0, '', 1, '2019-09-06 14:41:56', NULL),
(220, 76, 'E0099', 0, 2950, 425, 0, '', 2, '2019-09-06 14:41:56', NULL),
(221, 76, 'E0100', 0, 2950, 425, 0, '', 3, '2019-09-06 14:41:56', NULL),
(222, 76, 'E0145', 0, 3000, 475, 0, '', 4, '2019-09-06 14:41:56', NULL),
(223, 76, 'E0067', 0, 3000, 475, 0, '', 5, '2019-09-06 14:41:56', NULL),
(224, 76, 'E0105', 0, 3000, 600, 0, '', 6, '2019-09-06 14:41:56', NULL),
(225, 76, 'E0062', 0, 3000, 600, 0, '', 7, '2019-09-06 14:41:56', NULL),
(226, 76, 'E0104', 0, 3000, 2200, 0, '', 8, '2019-09-06 14:41:56', NULL),
(227, 77, 'E0148', 0, 3000, 475, 0, '', 1, '2019-09-06 15:00:59', NULL),
(228, 77, 'E0149', 0, 3000, 425, 0, '', 2, '2019-09-06 15:00:59', NULL),
(229, 77, 'E0150', 0, 3000, 425, 0, '', 3, '2019-09-06 15:00:59', NULL),
(230, 77, 'E0151', 0, 2650, 425, 0, '', 4, '2019-09-06 15:00:59', NULL),
(231, 77, 'E0146', 0, 2650, 475, 0, '', 5, '2019-09-06 15:00:59', NULL),
(232, 77, 'E0152', 0, 3000, 425, 0, '', 6, '2019-09-06 15:00:59', NULL),
(233, 77, 'E0153', 0, 3000, 450, 0, '', 7, '2019-09-06 15:00:59', NULL),
(234, 77, 'E0154', 0, 3000, 425, 0, '', 8, '2019-09-06 15:00:59', NULL),
(235, 77, 'E0077', 0, 3000, 475, 0, '', 9, '2019-09-06 15:00:59', NULL),
(236, 77, 'E0069', 0, 3000, 425, 0, '', 10, '2019-09-06 15:00:59', NULL),
(237, 77, 'E0087', 0, 3000, 525, 0, '', 11, '2019-09-06 15:00:59', NULL),
(238, 78, 'E0005', 0, 400, 14000, 0, '', 2, NULL, '2019-09-07 13:45:51'),
(239, 79, 'E0167', 0, 3000, 475, 0, '', 1, '2019-09-09 12:56:03', NULL),
(240, 79, 'E0170', 0, 3000, 450, 0, '', 2, '2019-09-09 12:56:03', NULL),
(241, 79, 'E0168', 0, 3000, 475, 0, '', 3, '2019-09-09 12:56:03', NULL),
(242, 79, 'E0169', 0, 3000, 475, 0, '', 4, '2019-09-09 12:56:03', NULL),
(243, 79, 'E0166', 0, 5000, 475, 0, '', 5, '2019-09-09 12:56:03', NULL),
(244, 79, 'E0165', 0, 3000, 525, 0, '', 6, '2019-09-09 12:56:03', NULL),
(245, 79, 'E0164', 0, 2000, 425, 0, '', 7, '2019-09-09 12:56:03', NULL),
(246, 79, 'E0162', 0, 3000, 500, 0, '', 8, '2019-09-09 12:56:03', NULL),
(247, 79, 'E0163', 0, 3000, 500, 0, '', 9, '2019-09-09 12:56:03', NULL),
(248, 79, 'E0161', 0, 10000, 200, 0, '', 10, '2019-09-09 12:56:03', NULL),
(249, 80, 'E0086', 0, 10000, 90, 0, '', 1, '2019-09-09 12:58:49', NULL),
(250, 80, 'E0037', 0, 20000, 90, 0, '', 2, '2019-09-09 12:58:49', NULL),
(251, 80, 'E0155', 0, 3000, 525, 0, '', 3, '2019-09-09 12:58:49', NULL),
(252, 80, 'E0160', 0, 3000, 425, 0, '', 4, '2019-09-09 12:58:49', NULL),
(253, 81, 'E0156', 0, 21850, 250, 0, '', 1, '2019-09-09 13:01:40', NULL),
(254, 81, 'E0157', 0, 1370, 250, 0, '', 2, '2019-09-09 13:01:40', NULL),
(255, 81, 'E0158', 0, 4500, 250, 0, '', 3, '2019-09-09 13:01:40', NULL),
(256, 81, 'E0159', 0, 2250, 250, 0, '', 4, '2019-09-09 13:01:40', NULL),
(257, 81, 'E0042', 0, 40, 14000, 0, '', 5, '2019-09-09 13:01:40', NULL),
(258, 81, 'E0098', 0, 40, 14000, 0, '', 6, '2019-09-09 13:01:40', NULL),
(259, 81, 'E0003', 0, 40, 14000, 0, '', 7, '2019-09-09 13:01:40', NULL),
(260, 81, 'E0092', 0, 40, 14000, 0, '', 8, '2019-09-09 13:01:40', NULL),
(261, 81, 'E0009', 0, 100, 13000, 0, '', 9, '2019-09-09 13:01:40', NULL),
(265, 83, 'D0004', 0, 30, 31500, 0, '', 1, '2019-09-09 13:12:50', NULL),
(266, 83, 'D0001', 0, 30, 19500, 0, '', 2, '2019-09-09 13:12:50', NULL),
(267, 83, 'D0007', 0, 4, 60000, 0, '', 3, '2019-09-09 13:12:50', NULL),
(268, 83, 'D0006', 0, 6000, 135, 0, '', 4, '2019-09-09 13:12:50', NULL),
(269, 84, 'D0006', 0, 5000, 135, 0, '', 1, '2019-09-09 13:15:41', NULL),
(270, 84, 'D0004', 0, 40, 31500, 0, '', 2, '2019-09-09 13:15:41', NULL),
(271, 84, 'D0001', 0, 50, 19500, 0, '', 3, '2019-09-09 13:15:41', NULL),
(272, 82, 'D0006', 0, 6000, 135, 0, '', 2, NULL, '2019-09-10 12:15:54'),
(273, 82, 'D0002', 0, 11, 55000, 0, '', 3, NULL, '2019-09-10 12:15:54'),
(274, 85, 'D0007', 0, 7, 60000, 0, '', 1, '2019-09-10 12:18:47', NULL),
(275, 86, 'D0007', 0, 16, 60000, 0, '', 1, '2019-09-10 12:20:38', NULL),
(276, 26, 'E0046', 0, 2450, 1250, 0, '', 1, NULL, '2019-09-10 12:27:41'),
(277, 26, 'E0047', 0, 4400, 1250, 0, '', 2, NULL, '2019-09-10 12:27:41'),
(278, 26, 'E0171', 0, 3000, 600, 0, '', 4, NULL, '2019-09-10 12:27:41'),
(279, 47, 'E0172', 0, 2103, 350, 0, '', 5, NULL, '2019-09-10 12:34:20'),
(280, 47, 'E0173', 0, 2168, 350, 0, '', 6, NULL, '2019-09-10 12:34:20'),
(281, 47, 'E0174', 0, 1985, 1250, 0, '', 7, NULL, '2019-09-10 12:34:20'),
(282, 47, 'E0175', 0, 2024, 1000, 0, '', 8, NULL, '2019-09-10 12:34:20'),
(283, 58, 'E0121', 0, 43, 16000, 0, '', 1, NULL, '2019-09-10 12:36:59'),
(302, 88, 'E0183', 0, 1200, 1200, 0, '', 1, '2019-09-10 13:16:54', NULL),
(303, 87, 'E0116', 0, 8960, 400, 0, '', 1, NULL, '2019-09-10 13:17:25'),
(304, 87, 'E0184', 0, 3000, 500, 0, '', 2, NULL, '2019-09-10 13:17:25'),
(305, 87, 'E0180', 0, 1200, 1200, 0, '', 3, NULL, '2019-09-10 13:17:25'),
(306, 89, 'E0050', 0, 1400, 1000, 0, '', 1, '2019-09-10 13:20:10', NULL),
(307, 89, 'E0179', 0, 2400, 350, 0, '', 2, '2019-09-10 13:20:10', NULL),
(308, 89, 'E0130', 0, 3100, 650, 0, '', 3, '2019-09-10 13:20:10', NULL),
(309, 89, 'E0176', 0, 1970, 1250, 0, '', 4, '2019-09-10 13:20:10', NULL),
(310, 89, 'E0177', 0, 1970, 1250, 0, '', 5, '2019-09-10 13:20:10', NULL),
(311, 89, 'E0178', 0, 985, 1350, 0, '', 6, '2019-09-10 13:20:10', NULL),
(312, 90, 'E0181', 0, 1970, 600, 0, '', 1, '2019-09-10 13:22:40', NULL),
(313, 90, 'E0049', 0, 1970, 350, 0, '', 2, '2019-09-10 13:22:40', NULL),
(314, 90, 'E0129', 0, 1970, 500, 0, '', 3, '2019-09-10 13:22:40', NULL),
(315, 90, 'E0178', 0, 985, 1350, 0, '', 4, '2019-09-10 13:22:40', NULL),
(316, 90, 'E0175', 0, 1400, 1000, 0, '', 5, '2019-09-10 13:22:40', NULL),
(317, 91, 'E0185', 0, 50, 10000, 0, '', 1, '2019-09-10 13:30:13', NULL),
(318, 92, 'E0186', 0, 1970, 650, 0, '', 1, '2019-09-10 13:47:39', NULL),
(319, 92, 'E0124', 0, 3600, 650, 0, '', 2, '2019-09-10 13:47:39', NULL),
(320, 93, 'E0187', 0, 1350, 650, 0, '', 1, '2019-10-04 14:43:50', NULL),
(321, 93, 'E0116', 0, 790, 400, 0, '', 2, '2019-10-04 14:43:50', NULL),
(322, 93, 'E0144', 0, 2000, 450, 0, '', 3, '2019-10-04 14:43:50', NULL),
(323, 93, 'E0139', 0, 3000, 500, 0, '', 4, '2019-10-04 14:43:50', NULL),
(324, 59, 'E0128', 0, 1338, 1100, 0, '', 1, NULL, '2019-10-05 00:00:02'),
(325, 59, 'E0131', 0, 1979, 1250, 0, '', 2, NULL, '2019-10-05 00:00:02'),
(326, 59, 'E0129', 0, 739, 500, 0, '', 3, NULL, '2019-10-05 00:00:02'),
(327, 59, 'E0126', 0, 984, 1250, 0, '', 4, NULL, '2019-10-05 00:00:02'),
(328, 59, 'E0127', 0, 1957, 750, 0, '', 5, NULL, '2019-10-05 00:00:02'),
(329, 59, 'E0050', 0, 800, 1000, 0, '', 6, NULL, '2019-10-05 00:00:02'),
(330, 59, 'E0125', 0, 1123, 900, 0, '', 7, NULL, '2019-10-05 00:00:02'),
(331, 59, 'E0052', 0, 1460, 1250, 0, '', 8, NULL, '2019-10-05 00:00:02'),
(332, 59, 'E0122', 0, 700, 750, 0, '', 9, NULL, '2019-10-05 00:00:02'),
(333, 59, 'E0123', 0, 800, 750, 0, '', 10, NULL, '2019-10-05 00:00:02'),
(334, 59, 'E0051', 0, 483, 1250, 0, '', 11, NULL, '2019-10-05 00:00:02'),
(343, 95, 'E0107', 0, 20, 12000, 0, '', 1, '2019-10-05 00:07:15', NULL),
(344, 96, 'E0191', 0, 80, 12000, 0, '', 1, '2019-10-07 14:57:15', NULL),
(345, 96, 'E0121', 0, 20, 16000, 0, '', 2, '2019-10-07 14:57:15', NULL),
(346, 96, 'E0192', 0, 60, 12000, 0, '', 3, '2019-10-07 14:57:15', NULL),
(347, 96, 'E0194', 0, 60, 12000, 0, '', 4, '2019-10-07 14:57:15', NULL),
(348, 96, 'E0195', 0, 60, 12000, 0, '', 5, '2019-10-07 14:57:15', NULL),
(349, 96, 'E0196', 0, 60, 12000, 0, '', 6, '2019-10-07 14:57:15', NULL),
(350, 96, 'E0008', 0, 100, 12750, 0, '', 7, '2019-10-07 14:57:15', NULL),
(351, 96, 'E0010', 0, 60, 5000, 0, '', 8, '2019-10-07 14:57:15', NULL),
(352, 96, 'E0190', 0, 60, 12000, 0, '', 9, '2019-10-07 14:57:15', NULL),
(357, 98, 'D0002', 0, 2, 55000, 0, '', 1, '2019-10-07 15:04:18', NULL),
(358, 99, 'E0018', 0, 3200, 90, 0, '', 1, '2019-10-07 15:14:10', NULL),
(359, 100, 'E0023', 0, 3000, 350, 0, '', 1, '2019-10-07 15:16:20', NULL),
(360, 100, 'E0022', 0, 3000, 420, 0, '', 2, '2019-10-07 15:16:20', NULL),
(361, 100, 'E0111', 0, 20, 16000, 0, '', 3, '2019-10-07 15:16:20', NULL),
(362, 100, 'E0199', 0, 20, 10000, 0, '', 4, '2019-10-07 15:16:20', NULL),
(363, 101, 'E0198', 0, 40, 14000, 0, '', 1, '2019-10-07 15:18:37', NULL),
(364, 102, 'E0010', 0, 20, 5000, 0, '', 1, '2019-10-07 15:20:23', NULL),
(365, 103, 'E0200', 0, 3000, 1250, 0, '', 1, '2019-10-07 15:21:50', NULL),
(366, 104, 'A0001', 0, 90, 48000, 0, '', 1, '2019-10-07 15:24:25', NULL),
(367, 105, 'A0001', 0, 30, 48000, 0, '', 1, '2019-10-07 15:26:34', NULL),
(368, 106, 'E0111', 0, 20, 16000, 0, '', 1, '2019-10-07 15:33:18', NULL),
(369, 106, 'E0199', 0, 20, 10000, 0, '', 2, '2019-10-07 15:33:18', NULL),
(370, 107, 'E0201', 0, 40, 14000, 0, '', 1, '2019-10-07 15:36:44', NULL),
(371, 107, 'E0202', 0, 80, 14000, 0, '', 2, '2019-10-07 15:36:44', NULL),
(375, 110, 'C0002', 0, 800, 11000, 0, '', 1, '2019-10-07 15:43:26', NULL),
(376, 109, 'C0003', 0, 400, 14000, 0, '', 1, NULL, '2019-10-07 15:44:43'),
(377, 109, 'C0002', 0, 500, 11000, 0, '', 2, NULL, '2019-10-07 15:44:43'),
(378, 97, 'E0125', 0, 2500, 600, 0, '', 3, NULL, '2019-10-07 15:47:00'),
(379, 97, 'E0197', 0, 3000, 1250, 0, '', 4, NULL, '2019-10-07 15:47:00'),
(380, 111, 'E0188', 0, 1740, 1500, 0, '', 1, '2019-10-07 15:48:51', NULL),
(381, 111, 'E0189', 0, 1740, 800, 0, '', 2, '2019-10-07 15:48:51', NULL),
(382, 108, 'H0002', 0, 11000, 145, 0, '', 2, NULL, '2019-10-07 15:54:45'),
(383, 108, 'H0003', 0, 15000, 125, 0, '', 3, NULL, '2019-10-07 15:54:45'),
(384, 112, 'D0004', 0, 50, 31500, 0, '', 1, '2019-10-11 11:59:31', NULL),
(385, 112, 'D0006', 0, 6000, 135, 0, '', 2, '2019-10-11 11:59:31', NULL),
(386, 113, 'D0006', 0, 12000, 135, 0, '', 1, '2019-10-11 12:02:13', NULL),
(387, 113, 'D0002', 0, 20, 55000, 0, '', 2, '2019-10-11 12:02:13', NULL),
(388, 114, 'D0009', 0, 170, 45500, 0, '', 1, '2019-10-11 12:08:06', NULL),
(389, 115, 'D0001', 0, 50, 19500, 0, '', 1, '2019-10-11 12:09:45', NULL),
(390, 115, 'D0006', 0, 2000, 135, 0, '', 2, '2019-10-11 12:09:45', NULL),
(391, 115, 'D0004', 0, 50, 31500, 0, '', 3, '2019-10-11 12:09:45', NULL),
(392, 116, 'E0203', 0, 6000, 625, 0, '', 1, '2019-10-11 12:38:20', NULL),
(393, 116, 'E0067', 0, 6000, 475, 0, '', 2, '2019-10-11 12:38:20', NULL),
(394, 116, 'E0037', 0, 30000, 90, 0, '', 3, '2019-10-11 12:38:20', NULL),
(395, 116, 'E0061', 0, 3000, 575, 0, '', 4, '2019-10-11 12:38:20', NULL),
(396, 117, 'E0205', 0, 6000, 450, 0, '', 1, '2019-10-11 12:55:59', NULL),
(397, 117, 'E0206', 0, 3000, 475, 0, '', 2, '2019-10-11 12:55:59', NULL),
(398, 117, 'E0207', 0, 3000, 425, 0, '', 3, '2019-10-11 12:55:59', NULL),
(399, 117, 'E0208', 0, 3000, 475, 0, '', 4, '2019-10-11 12:55:59', NULL),
(400, 117, 'E0070', 0, 3000, 475, 0, '', 5, '2019-10-11 12:55:59', NULL),
(401, 117, 'E0209', 0, 3000, 300, 0, '', 6, '2019-10-11 12:55:59', NULL),
(402, 117, 'E0069', 0, 3000, 425, 0, '', 7, '2019-10-11 12:55:59', NULL),
(403, 117, 'E0210', 0, 3000, 450, 0, '', 8, '2019-10-11 12:55:59', NULL),
(405, 119, 'E0214', 0, 3100, 255, 0, '', 1, NULL, '2019-10-11 13:26:42'),
(406, 119, 'E0212', 0, 2500, 500, 0, '', 2, NULL, '2019-10-11 13:26:42'),
(407, 119, 'E0213', 0, 2500, 500, 0, '', 3, NULL, '2019-10-11 13:26:42'),
(408, 119, 'E0211', 0, 1500, 725, 0, '', 5, NULL, '2019-10-11 13:26:42'),
(409, 119, 'E0215', 0, 2500, 500, 0, '', 6, NULL, '2019-10-11 13:26:42'),
(410, 120, 'E0216', 0, 3000, 500, 0, '', 1, '2019-10-11 13:43:01', NULL),
(411, 120, 'E0217', 0, 3000, 725, 0, '', 2, '2019-10-11 13:43:01', NULL),
(412, 120, 'E0218', 0, 3000, 725, 0, '', 3, '2019-10-11 13:43:01', NULL),
(413, 120, 'E0060', 0, 3000, 475, 0, '', 4, '2019-10-11 13:43:01', NULL),
(414, 120, 'E0219', 0, 3000, 575, 0, '', 5, '2019-10-11 13:43:01', NULL),
(415, 120, 'E0221', 0, 3000, 425, 0, '', 6, '2019-10-11 13:43:01', NULL),
(416, 120, 'E0208', 0, 3000, 475, 0, '', 7, '2019-10-11 13:43:01', NULL),
(417, 120, 'E0222', 0, 3000, 475, 0, '', 8, '2019-10-11 13:43:01', NULL),
(418, 120, 'E0031', 0, 3000, 500, 0, '', 9, '2019-10-11 13:43:01', NULL),
(419, 120, 'E0145', 0, 3000, 475, 0, '', 10, '2019-10-11 13:43:01', NULL),
(420, 121, 'E0223', 0, 3000, 375, 0, '', 1, '2019-10-11 13:45:25', NULL),
(421, 121, 'E0220', 0, 3000, 425, 0, '', 2, '2019-10-11 13:45:25', NULL),
(422, 122, 'E0039', 0, 60, 14000, 0, '', 1, NULL, '2019-10-11 13:49:57'),
(423, 122, 'E0005', 0, 60, 14000, 0, '', 2, NULL, '2019-10-11 13:49:57'),
(424, 122, 'E0224', 0, 60, 14000, 0, '', 4, NULL, '2019-10-11 13:49:57'),
(425, 118, 'E0225', 0, 7800, 125, 0, '', 2, NULL, '2019-10-15 23:45:36'),
(426, 10, 'D0008', 0, 233.32, 46500, 0, '', 1, NULL, '2019-10-29 02:14:35'),
(427, 123, 'A0001', 0, 406.5, 48000, 0, '', 1, '2019-10-29 02:20:27', NULL),
(428, 124, 'A0001', 0, 306, 48000, 0, '', 1, '2019-10-29 02:22:20', NULL),
(429, 125, 'A0001', 0, 375.5, 48000, 0, '', 1, NULL, '2019-10-29 02:27:23'),
(430, 126, 'A0001', 0, 135, 48000, 0, '', 1, '2019-10-29 02:28:10', NULL),
(431, 127, 'C0002', 0, 500, 11000, 0, '', 1, '2019-10-29 02:31:47', NULL),
(432, 127, 'C0003', 0, 300, 14000, 0, '', 2, '2019-10-29 02:31:47', NULL),
(433, 128, 'C0002', 0, 500, 11000, 0, '', 1, '2019-10-29 02:32:43', NULL),
(434, 128, 'C0003', 0, 500, 14000, 0, '', 2, '2019-10-29 02:32:43', NULL),
(435, 129, 'C0003', 0, 500, 14000, 0, '', 1, '2019-10-29 02:34:47', NULL),
(436, 130, 'C0003', 0, 500, 14000, 0, '', 1, '2019-10-29 02:35:39', NULL),
(438, 50, 'H0001', 0, 90000, 125, 0, '', 2, NULL, '2019-10-29 02:43:08'),
(439, 131, 'H0001', 0, 70000, 125, 0, '', 2, NULL, '2019-10-29 02:45:15'),
(440, 132, 'H0001', 0, 20000, 125, 0, '', 1, '2019-10-29 02:46:42', NULL),
(441, 132, 'H0004', 0, 20000, 125, 0, '', 2, '2019-10-29 02:46:42', NULL),
(442, 133, 'H0001', 0, 60000, 125, 0, '', 2, NULL, '2019-10-29 02:54:26'),
(443, 134, 'H0001', 0, 75000, 125, 0, '', 1, '2019-10-29 02:55:41', NULL),
(444, 135, 'H0001', 0, 24000, 125, 0, '', 1, '2019-10-29 02:57:39', NULL),
(445, 136, 'H0001', 0, 32000, 125, 0, '', 1, '2019-10-29 02:58:53', NULL),
(449, 138, 'E0228', 0, 20, 12000, 0, '', 1, '2019-10-29 03:26:39', NULL),
(450, 139, 'E0137', 0, 3000, 400, 0, '', 1, '2019-10-29 03:27:30', NULL),
(451, 137, 'E0226', 0, 110, 2500, 0, '', 1, NULL, '2019-10-29 03:28:59'),
(452, 137, 'E0227', 0, 2500, 280, 0, '', 2, NULL, '2019-10-29 03:28:59'),
(453, 137, 'E0111', 0, 40, 16000, 0, '', 3, NULL, '2019-10-29 03:28:59'),
(454, 140, 'E0229', 0, 40, 14000, 0, '', 1, '2019-10-29 03:31:49', NULL),
(455, 141, 'E0198', 0, 40, 14000, 0, '', 1, '2019-10-29 03:35:26', NULL),
(456, 141, 'E0230', 0, 40, 14000, 0, '', 2, '2019-10-29 03:35:26', NULL),
(457, 141, 'E0231', 0, 40, 14000, 0, '', 3, '2019-10-29 03:35:26', NULL),
(458, 141, 'E0038', 0, 80, 14000, 0, '', 4, '2019-10-29 03:35:26', NULL),
(459, 141, 'E0142', 0, 40, 14000, 0, '', 5, '2019-10-29 03:35:26', NULL),
(460, 141, 'E0233', 0, 40, 14000, 0, '', 6, '2019-10-29 03:35:26', NULL),
(461, 141, 'E0232', 0, 40, 14000, 0, '', 7, '2019-10-29 03:35:26', NULL),
(462, 142, 'E0234', 0, 4000, 350, 0, '', 1, '2019-10-29 03:36:20', NULL),
(463, 143, 'E0235', 0, 60, 12000, 0, '', 1, '2019-10-29 04:34:02', NULL),
(464, 143, 'E0236', 0, 60, 12000, 0, '', 2, '2019-10-29 04:34:02', NULL),
(465, 144, 'E0177', 0, 1300, 1250, 0, '', 1, '2019-10-29 04:37:42', NULL),
(466, 144, 'E0174', 0, 2500, 1250, 0, '', 2, '2019-10-29 04:37:42', NULL),
(467, 144, 'E0052', 0, 2500, 1250, 0, '', 3, '2019-10-29 04:37:42', NULL),
(468, 144, 'E0237', 0, 3000, 900, 0, '', 4, '2019-10-29 04:37:42', NULL),
(469, 144, 'E0238', 0, 2000, 600, 0, '', 5, '2019-10-29 04:37:42', NULL),
(470, 144, 'E0239', 0, 2200, 600, 0, '', 6, '2019-10-29 04:37:42', NULL),
(471, 144, 'E0240', 0, 2200, 600, 0, '', 7, '2019-10-29 04:37:42', NULL),
(472, 145, 'E0241', 0, 2000, 475, 0, '', 1, '2019-10-29 04:39:41', NULL),
(473, 145, 'E0242', 0, 2000, 475, 0, '', 2, '2019-10-29 04:39:41', NULL),
(474, 145, 'E0243', 0, 3000, 1000, 0, '', 3, '2019-10-29 04:39:41', NULL),
(475, 146, 'E0244', 0, 1180, 800, 0, '', 1, '2019-10-29 05:01:57', NULL),
(476, 146, 'E0245', 0, 1180, 800, 0, '', 2, '2019-10-29 05:01:57', NULL),
(477, 146, 'E0246', 0, 1180, 800, 0, '', 3, '2019-10-29 05:01:57', NULL),
(478, 146, 'E0263', 0, 1180, 800, 0, '', 4, '2019-10-29 05:01:57', NULL),
(479, 146, 'E0248', 0, 1180, 850, 0, '', 5, '2019-10-29 05:01:57', NULL),
(480, 146, 'E0249', 0, 1180, 800, 0, '', 6, '2019-10-29 05:01:57', NULL),
(481, 146, 'E0250', 0, 2100, 500, 0, '', 7, '2019-10-29 05:01:57', NULL),
(482, 146, 'E0251', 0, 2100, 500, 0, '', 8, '2019-10-29 05:01:57', NULL),
(483, 147, 'E0252', 0, 1400, 850, 0, '', 1, '2019-10-29 05:05:18', NULL),
(484, 147, 'E0253', 0, 1400, 500, 0, '', 2, '2019-10-29 05:05:18', NULL),
(485, 147, 'E0254', 0, 1500, 600, 0, '', 3, '2019-10-29 05:05:18', NULL),
(486, 147, 'E0255', 0, 1500, 700, 0, '', 4, '2019-10-29 05:05:18', NULL),
(487, 147, 'E0256', 0, 2000, 600, 0, '', 5, '2019-10-29 05:05:18', NULL),
(488, 147, 'E0257', 0, 2000, 500, 0, '', 6, '2019-10-29 05:05:18', NULL),
(489, 147, 'E0258', 0, 1200, 850, 0, '', 7, '2019-10-29 05:05:18', NULL),
(490, 147, 'E0259', 0, 1200, 850, 0, '', 8, '2019-10-29 05:05:18', NULL),
(491, 148, 'E0260', 0, 3000, 500, 0, '', 1, '2019-10-29 05:07:06', NULL),
(492, 148, 'E0261', 0, 3000, 350, 0, '', 2, '2019-10-29 05:07:06', NULL),
(493, 148, 'E0262', 0, 2000, 650, 0, '', 3, '2019-10-29 05:07:06', NULL),
(494, 149, 'D0006', 0, 4000, 135, 0, '', 1, '2019-10-29 05:10:44', NULL),
(495, 150, 'E0265', 0, 40, 12000, 0, '', 1, '2019-10-29 08:37:05', NULL),
(496, 150, 'E0266', 0, 40, 16000, 0, '', 2, '2019-10-29 08:37:05', NULL),
(497, 150, 'E0175', 0, 2800, 1000, 0, '', 3, '2019-10-29 08:37:05', NULL),
(498, 150, 'E0125', 0, 3000, 600, 0, '', 4, '2019-10-29 08:37:05', NULL),
(499, 150, 'E0173', 0, 2360, 350, 0, '', 5, '2019-10-29 08:37:05', NULL),
(500, 150, 'E0048', 0, 3000, 600, 0, '', 6, '2019-10-29 08:37:05', NULL),
(501, 151, 'E0269', 0, 3000, 800, 0, '', 1, '2019-10-29 08:44:29', NULL),
(502, 151, 'E0270', 0, 3400, 500, 0, '', 2, '2019-10-29 08:44:29', NULL),
(503, 152, 'E0017', 0, 3000, 500, 0, '', 1, '2019-10-29 08:45:46', NULL),
(504, 152, 'E0267', 0, 1200, 850, 0, '', 2, '2019-10-29 08:45:46', NULL),
(505, 152, 'E0268', 0, 1200, 900, 0, '', 3, '2019-10-29 08:45:46', NULL),
(506, 153, 'E0271', 0, 16000, 110, 0, '', 1, '2019-10-29 08:54:46', NULL),
(507, 153, 'E0272', 0, 15200, 130, 0, '', 2, '2019-10-29 08:54:46', NULL),
(508, 154, 'E0018', 0, 16000, 90, 0, '', 1, '2019-10-29 08:55:48', NULL),
(509, 155, 'E0273', 0, 2850, 400, 0, '', 1, '2019-10-29 09:00:32', NULL),
(510, 156, 'E0028', 0, 60, 11000, 0, '', 1, '2019-10-29 09:06:54', NULL),
(511, 157, 'E0274', 0, 19, 18000, 0, '', 1, '2019-10-29 09:10:06', NULL),
(512, 158, 'E0010', 0, 40, 7000, 0, '', 1, '2019-10-29 09:11:58', NULL),
(513, 159, 'E0275', 0, 40, 14000, 0, '', 1, '2019-10-29 09:13:43', NULL),
(515, 161, 'E0145', 0, 3000, 475, 0, '', 1, '2019-10-29 09:57:58', NULL),
(516, 161, 'E0067', 0, 3000, 475, 0, '', 2, '2019-10-29 09:57:58', NULL),
(517, 162, 'E0061', 0, 2970, 575, 0, '', 1, '2019-10-29 10:01:39', NULL),
(518, 162, 'E0277', 0, 2970, 725, 0, '', 2, '2019-10-29 10:01:39', NULL),
(519, 162, 'E0278', 0, 2970, 600, 0, '', 3, '2019-10-29 10:01:39', NULL),
(520, 162, 'E0031', 0, 2970, 500, 0, '', 4, '2019-10-29 10:01:39', NULL),
(521, 162, 'E0063', 0, 2970, 500, 0, '', 5, '2019-10-29 10:01:39', NULL),
(522, 162, 'E0060', 0, 2970, 475, 0, '', 6, '2019-10-29 10:01:39', NULL),
(523, 162, 'E0216', 0, 2970, 500, 0, '', 7, '2019-10-29 10:01:39', NULL),
(524, 162, 'E0067', 0, 3000, 475, 0, '', 8, '2019-10-29 10:01:39', NULL),
(525, 162, 'E0203', 0, 3000, 625, 0, '', 9, '2019-10-29 10:01:39', NULL),
(526, 160, 'E0276', 0, 20, 18000, 0, '', 1, NULL, '2019-10-29 10:03:12'),
(527, 163, 'E0276', 0, 40, 18000, 0, '', 1, '2019-10-29 10:05:01', NULL),
(528, 164, 'E0037', 0, 23500, 90, 0, '', 1, '2019-10-29 10:17:15', NULL),
(529, 164, 'E0156', 0, 8000, 250, 0, '', 2, '2019-10-29 10:17:15', NULL),
(530, 164, 'E0067', 0, 3000, 475, 0, '', 3, '2019-10-29 10:17:15', NULL),
(531, 164, 'E0203', 0, 3000, 625, 0, '', 4, '2019-10-29 10:17:15', NULL),
(532, 164, 'E0279', 0, 2000, 375, 0, '', 5, '2019-10-29 10:17:15', NULL),
(533, 164, 'E0280', 0, 2000, 450, 0, '', 6, '2019-10-29 10:17:15', NULL),
(534, 164, 'E0281', 0, 2000, 450, 0, '', 7, '2019-10-29 10:17:15', NULL),
(535, 164, 'E0282', 0, 2000, 475, 0, '', 8, '2019-10-29 10:17:15', NULL),
(536, 165, 'E0202', 0, 80, 16000, 0, '', 1, '2019-10-29 10:46:33', NULL),
(537, 165, 'E0042', 0, 40, 16000, 0, '', 2, '2019-10-29 10:46:33', NULL),
(538, 165, 'E0010', 0, 40, 7000, 0, '', 3, '2019-10-29 10:46:33', NULL),
(539, 166, 'E0292', 0, 3000, 500, 0, '', 1, '2019-10-29 10:48:40', NULL),
(540, 166, 'E0293', 0, 3000, 500, 0, '', 2, '2019-10-29 10:48:40', NULL),
(541, 166, 'E0290', 0, 3000, 425, 0, '', 3, '2019-10-29 10:48:40', NULL),
(542, 166, 'E0291', 0, 3000, 450, 0, '', 4, '2019-10-29 10:48:40', NULL),
(543, 167, 'E0009', 0, 100, 15000, 0, '', 1, '2019-10-29 10:50:43', NULL),
(544, 167, 'E0202', 0, 40, 16000, 0, '', 2, '2019-10-29 10:50:43', NULL),
(545, 168, 'E0165', 0, 2100, 525, 0, '', 1, '2019-10-29 11:00:37', NULL),
(546, 168, 'E0289', 0, 3000, 700, 0, '', 2, '2019-10-29 11:00:37', NULL),
(547, 168, 'E0217', 0, 3000, 725, 0, '', 3, '2019-10-29 11:00:37', NULL),
(548, 168, 'E0294', 0, 2500, 650, 0, '', 4, '2019-10-29 11:00:37', NULL),
(549, 168, 'E0295', 0, 2500, 475, 0, '', 5, '2019-10-29 11:00:37', NULL),
(550, 168, 'E0288', 0, 3000, 625, 0, '', 6, '2019-10-29 11:00:37', NULL),
(551, 169, 'E0037', 0, 27000, 90, 0, '', 1, '2019-10-29 11:04:34', NULL),
(552, 169, 'E0026', 0, 20, 12000, 0, '', 2, '2019-10-29 11:04:34', NULL),
(553, 169, 'E0296', 0, 40, 7000, 0, '', 3, '2019-10-29 11:04:34', NULL),
(554, 170, 'E0145', 0, 4100, 475, 0, '', 1, '2019-10-29 11:10:33', NULL),
(555, 170, 'E0067', 0, 2400, 475, 0, '', 2, '2019-10-29 11:10:33', NULL),
(556, 170, 'E0069', 0, 2800, 425, 0, '', 3, '2019-10-29 11:10:33', NULL),
(557, 170, 'E0078', 0, 2450, 475, 0, '', 4, '2019-10-29 11:10:33', NULL),
(558, 170, 'E0284', 0, 2450, 475, 0, '', 5, '2019-10-29 11:10:33', NULL),
(559, 170, 'E0281', 0, 2460, 450, 0, '', 6, '2019-10-29 11:10:33', NULL),
(560, 170, 'E0285', 0, 2460, 475, 0, '', 7, '2019-10-29 11:10:33', NULL),
(561, 170, 'E0286', 0, 3000, 475, 0, '', 8, '2019-10-29 11:10:33', NULL),
(562, 170, 'E0287', 0, 3000, 350, 0, '', 9, '2019-10-29 11:10:33', NULL),
(563, 171, 'E0277', 0, 2970, 725, 0, '', 1, '2019-10-29 11:13:03', NULL),
(564, 171, 'E0278', 0, 2970, 600, 0, '', 2, '2019-10-29 11:13:03', NULL),
(565, 171, 'E0067', 0, 2970, 475, 0, '', 3, '2019-10-29 11:13:03', NULL),
(566, 171, 'E0061', 0, 2970, 575, 0, '', 4, '2019-10-29 11:13:03', NULL),
(567, 171, 'E0056', 0, 2970, 600, 0, '', 5, '2019-10-29 11:13:03', NULL),
(568, 171, 'E0283', 0, 2970, 925, 0, '', 6, '2019-10-29 11:13:03', NULL),
(569, 171, 'E0059', 0, 2970, 600, 0, '', 7, '2019-10-29 11:13:03', NULL),
(570, 171, 'E0063', 0, 2970, 500, 0, '', 8, '2019-10-29 11:13:03', NULL),
(571, 172, 'E0156', 0, 8000, 250, 0, '', 1, '2019-10-29 11:14:06', NULL),
(572, 94, 'E0120', 0, 2800, 600, 0, '', 1, NULL, '2019-10-29 11:15:12'),
(573, 94, 'E0128', 0, 1337, 1100, 0, '', 2, NULL, '2019-10-29 11:15:12'),
(574, 94, 'E0049', 0, 2300, 350, 0, '', 3, NULL, '2019-10-29 11:15:12'),
(575, 94, 'E0129', 0, 3738, 500, 0, '', 4, NULL, '2019-10-29 11:15:12'),
(576, 94, 'E0126', 0, 984, 1250, 0, '', 5, NULL, '2019-10-29 11:15:12'),
(577, 94, 'E0130', 0, 4320, 650, 0, '', 6, NULL, '2019-10-29 11:15:12'),
(578, 94, 'E0047', 0, 2113, 1250, 0, '', 7, NULL, '2019-10-29 11:15:12'),
(579, 94, 'E0122', 0, 530, 750, 0, '', 8, NULL, '2019-10-29 11:15:12'),
(580, 173, 'D0004', 0, 53, 31500, 0, '', 1, '2019-10-29 11:19:43', NULL),
(581, 173, 'D0001', 0, 50, 19500, 0, '', 2, '2019-10-29 11:19:43', NULL),
(582, 173, 'D0006', 0, 18000, 135, 0, '', 3, '2019-10-29 11:19:43', NULL),
(583, 174, 'D0006', 0, 12000, 135, 0, '', 1, '2019-10-29 11:21:06', NULL),
(584, 174, 'D0004', 0, 26, 31500, 0, '', 2, '2019-10-29 11:21:06', NULL);

-- --------------------------------------------------------

--
-- Table structure for table `tm_nota_item_warna`
--

CREATE TABLE `tm_nota_item_warna` (
  `i_id_item_warna` int(11) NOT NULL,
  `i_id_item_nota` int(11) NOT NULL,
  `i_kode_brg` varchar(10) NOT NULL,
  `i_id_warna` int(11) NOT NULL,
  `n_qty_warna` float NOT NULL,
  `i_no_item` int(11) NOT NULL,
  `d_input` timestamp NULL DEFAULT NULL,
  `d_update` timestamp NULL DEFAULT NULL
) ENGINE=InnoDB DEFAULT CHARSET=latin1;

--
-- Dumping data for table `tm_nota_item_warna`
--

INSERT INTO `tm_nota_item_warna` (`i_id_item_warna`, `i_id_item_nota`, `i_kode_brg`, `i_id_warna`, `n_qty_warna`, `i_no_item`, `d_input`, `d_update`) VALUES
(48, 2, 'D0001', 10, 20, 1, '2019-05-27 15:02:42', NULL),
(49, 3, 'D0006', 11, 3000, 6, '2019-06-08 13:49:04', NULL),
(50, 3, 'D0006', 15, 4000, 10, '2019-06-08 13:49:04', NULL),
(53, 27, 'A0001', 16, 135, 1, '2019-07-07 14:17:40', NULL),
(54, 34, 'D0007', 10, 10, 1, NULL, '2019-07-09 13:03:20'),
(62, 40, 'D0001', 10, 49, 1, '2019-07-09 14:34:21', NULL),
(63, 41, 'D0006', 11, 4000, 6, '2019-07-09 14:34:21', NULL),
(64, 41, 'D0006', 14, 4000, 9, '2019-07-09 14:34:21', NULL),
(65, 41, 'D0006', 15, 5000, 10, '2019-07-09 14:34:21', NULL),
(66, 42, 'D0001', 10, 58, 1, '2019-07-09 14:35:31', NULL),
(79, 73, 'D0002', 9, 5, 1, NULL, '2019-08-11 12:14:37'),
(80, 74, 'D0003', 10, 114, 1, NULL, '2019-08-11 12:14:37'),
(81, 75, 'D0001', 10, 59, 1, NULL, '2019-08-11 12:14:37'),
(82, 76, 'D0007', 10, 2, 1, NULL, '2019-08-11 12:14:37'),
(83, 77, 'D0001', 10, 59, 1, '2019-08-11 13:10:28', NULL),
(84, 78, 'D0006', 11, 4000, 6, '2019-08-11 13:10:28', NULL),
(85, 78, 'D0006', 14, 2000, 9, '2019-08-11 13:10:28', NULL),
(86, 78, 'D0006', 15, 2000, 10, '2019-08-11 13:10:28', NULL),
(87, 78, 'D0006', 17, 8000, 11, '2019-08-11 13:10:28', NULL),
(88, 79, 'D0002', 9, 10, 1, '2019-08-11 13:10:28', NULL),
(89, 130, 'D0001', 10, 218, 1, '2019-08-11 14:52:54', NULL),
(90, 131, 'D0003', 10, 20, 1, '2019-08-11 14:52:54', NULL),
(91, 132, 'D0006', 11, 5000, 6, '2019-08-11 14:52:54', NULL),
(92, 132, 'D0006', 17, 4000, 11, '2019-08-11 14:52:54', NULL),
(95, 157, 'C0003', 10, 300, 1, NULL, '2019-08-12 13:01:19'),
(96, 158, 'C0002', 9, 500, 1, NULL, '2019-08-12 13:01:19'),
(97, 159, 'A0001', 16, 280, 1, '2019-08-12 13:04:21', NULL),
(99, 161, 'C0003', 10, 100, 1, '2019-08-12 13:27:52', NULL),
(100, 162, 'A0001', 16, 279.5, 1, NULL, '2019-08-12 13:32:01'),
(105, 265, 'D0004', 10, 30, 1, '2019-09-09 13:12:50', NULL),
(106, 266, 'D0001', 10, 30, 1, '2019-09-09 13:12:50', NULL),
(107, 267, 'D0007', 10, 4, 1, '2019-09-09 13:12:50', NULL),
(108, 268, 'D0006', 14, 2000, 9, '2019-09-09 13:12:50', NULL),
(109, 268, 'D0006', 15, 2000, 10, '2019-09-09 13:12:50', NULL),
(110, 268, 'D0006', 17, 2000, 11, '2019-09-09 13:12:50', NULL),
(111, 269, 'D0006', 15, 3000, 10, '2019-09-09 13:15:41', NULL),
(112, 269, 'D0006', 17, 2000, 11, '2019-09-09 13:15:41', NULL),
(113, 270, 'D0004', 10, 40, 1, '2019-09-09 13:15:41', NULL),
(114, 271, 'D0001', 10, 50, 1, '2019-09-09 13:15:41', NULL),
(115, 272, 'D0006', 11, 4000, 1, NULL, '2019-09-10 12:15:54'),
(116, 272, 'D0006', 14, 2000, 2, NULL, '2019-09-10 12:15:54'),
(117, 273, 'D0002', 9, 11, 1, NULL, '2019-09-10 12:15:54'),
(118, 274, 'D0007', 10, 7, 1, '2019-09-10 12:18:47', NULL),
(119, 275, 'D0007', 10, 16, 1, '2019-09-10 12:20:38', NULL),
(120, 357, 'D0002', 9, 2, 1, '2019-10-07 15:04:18', NULL),
(121, 384, 'D0004', 10, 50, 1, '2019-10-11 11:59:31', NULL),
(122, 385, 'D0006', 11, 4000, 6, '2019-10-11 11:59:31', NULL),
(123, 385, 'D0006', 14, 2000, 9, '2019-10-11 11:59:31', NULL),
(124, 386, 'D0006', 11, 4000, 6, '2019-10-11 12:02:13', NULL),
(125, 386, 'D0006', 14, 4000, 9, '2019-10-11 12:02:13', NULL),
(126, 386, 'D0006', 15, 4000, 10, '2019-10-11 12:02:13', NULL),
(127, 387, 'D0002', 9, 20, 1, '2019-10-11 12:02:13', NULL),
(128, 389, 'D0001', 10, 50, 1, '2019-10-11 12:09:45', NULL),
(129, 390, 'D0006', 13, 2000, 8, '2019-10-11 12:09:45', NULL),
(130, 391, 'D0004', 10, 50, 1, '2019-10-11 12:09:45', NULL),
(131, 426, 'D0008', 11, 233.32, 1, NULL, '2019-10-29 02:14:35'),
(132, 435, 'C0003', 10, 500, 1, '2019-10-29 02:34:47', NULL),
(133, 436, 'C0003', 10, 500, 1, '2019-10-29 02:35:39', NULL),
(136, 438, 'H0001', 5, 10000, 1, NULL, '2019-10-29 02:43:08'),
(137, 438, 'H0001', 10, 80000, 2, NULL, '2019-10-29 02:43:08'),
(138, 439, 'H0001', 5, 10000, 1, NULL, '2019-10-29 02:45:15'),
(139, 439, 'H0001', 10, 60000, 2, NULL, '2019-10-29 02:45:15'),
(140, 440, 'H0001', 10, 20000, 2, '2019-10-29 02:46:42', NULL),
(143, 442, 'H0001', 9, 20000, 2, NULL, '2019-10-29 02:54:26'),
(144, 442, 'H0001', 10, 20000, 3, NULL, '2019-10-29 02:54:26'),
(145, 442, 'H0001', 18, 20000, 4, NULL, '2019-10-29 02:54:26'),
(146, 443, 'H0001', 9, 30000, 2, '2019-10-29 02:55:41', NULL),
(147, 443, 'H0001', 10, 40000, 3, '2019-10-29 02:55:41', NULL),
(148, 443, 'H0001', 18, 5000, 4, '2019-10-29 02:55:41', NULL),
(149, 444, 'H0001', 10, 12000, 3, '2019-10-29 02:57:39', NULL),
(150, 444, 'H0001', 18, 12000, 4, '2019-10-29 02:57:39', NULL),
(151, 445, 'H0001', 10, 16000, 3, '2019-10-29 02:58:53', NULL),
(152, 445, 'H0001', 18, 16000, 4, '2019-10-29 02:58:53', NULL),
(153, 494, 'D0006', 11, 4000, 6, '2019-10-29 05:10:44', NULL),
(154, 580, 'D0004', 10, 53, 1, '2019-10-29 11:19:43', NULL),
(155, 581, 'D0001', 10, 50, 1, '2019-10-29 11:19:43', NULL),
(156, 582, 'D0006', 11, 6000, 6, '2019-10-29 11:19:43', NULL),
(157, 582, 'D0006', 14, 8000, 9, '2019-10-29 11:19:43', NULL),
(158, 582, 'D0006', 15, 4000, 10, '2019-10-29 11:19:43', NULL),
(159, 583, 'D0006', 17, 12000, 11, '2019-10-29 11:21:06', NULL),
(160, 584, 'D0004', 10, 26, 1, '2019-10-29 11:21:06', NULL);

-- --------------------------------------------------------

--
-- Table structure for table `tm_pelunasan`
--

CREATE TABLE `tm_pelunasan` (
  `i_id_pelunasan` int(11) NOT NULL,
  `i_no_voucher` varchar(50) NOT NULL,
  `d_voucher` date NOT NULL,
  `v_pelunasan` double NOT NULL,
  `e_keterangan` varchar(200) NOT NULL,
  `f_pelunasan_cancel` tinyint(1) NOT NULL,
  `i_kode_perusahaan` varchar(4) NOT NULL
) ENGINE=InnoDB DEFAULT CHARSET=latin1;

-- --------------------------------------------------------

--
-- Table structure for table `tm_pelunasan_item`
--

CREATE TABLE `tm_pelunasan_item` (
  `i_id_pelunasan_item` int(11) NOT NULL,
  `i_id_pelunasan` int(11) NOT NULL,
  `i_id_nota` int(11) NOT NULL,
  `i_no_nota` varchar(16) NOT NULL,
  `v_bayar_nota` double NOT NULL
) ENGINE=InnoDB DEFAULT CHARSET=latin1;

-- --------------------------------------------------------

--
-- Table structure for table `tm_user`
--

CREATE TABLE `tm_user` (
  `i_nama_user` varchar(20) NOT NULL,
  `e_nama_user` varchar(50) NOT NULL,
  `i_password` varchar(50) NOT NULL,
  `i_level` int(3) NOT NULL,
  `i_user_aktif` int(1) NOT NULL,
  `d_user_gabung` timestamp NOT NULL DEFAULT CURRENT_TIMESTAMP ON UPDATE CURRENT_TIMESTAMP,
  `i_id_perusahaan` varchar(4) NOT NULL,
  `i_kode_perusahaan` varchar(4) NOT NULL
) ENGINE=InnoDB DEFAULT CHARSET=latin1;

--
-- Dumping data for table `tm_user`
--

INSERT INTO `tm_user` (`i_nama_user`, `e_nama_user`, `i_password`, `i_level`, `i_user_aktif`, `d_user_gabung`, `i_id_perusahaan`, `i_kode_perusahaan`) VALUES
('adminA', 'syaqil', '21232f297a57a5a743894a0e4a801fc3', 1, 1, '2019-07-08 14:01:40', '1', 'T'),
('adminB', 'syaqil', '21232f297a57a5a743894a0e4a801fc3', 1, 1, '2019-07-08 14:01:49', '2', 'C'),
('adminC', 'dita', '21232f297a57a5a743894a0e4a801fc3', 1, 1, '2019-07-08 14:01:24', '3', 'H'),
('adminD', 'dian', '21232f297a57a5a743894a0e4a801fc3', 1, 1, '2019-05-26 04:38:11', '4', 'D'),
('adminE', 'syaqil', '21232f297a57a5a743894a0e4a801fc3', 1, 1, '2019-05-26 04:38:12', '5', 'E');

-- --------------------------------------------------------

--
-- Table structure for table `tr_barang`
--

CREATE TABLE `tr_barang` (
  `i_kode_brg` varchar(10) NOT NULL,
  `e_nama_brg` varchar(120) DEFAULT NULL,
  `i_satuan` int(11) NOT NULL DEFAULT '0',
  `v_hjp` double NOT NULL DEFAULT '0',
  `v_hpp` double DEFAULT '0',
  `i_kode_perusahaan` varchar(4) NOT NULL,
  `d_input` timestamp NULL DEFAULT NULL,
  `d_update` timestamp NULL DEFAULT NULL
) ENGINE=InnoDB DEFAULT CHARSET=latin1;

--
-- Dumping data for table `tr_barang`
--

INSERT INTO `tr_barang` (`i_kode_brg`, `e_nama_brg`, `i_satuan`, `v_hjp`, `v_hpp`, `i_kode_perusahaan`, `d_input`, `d_update`) VALUES
('A0001', 'TALI LIST 12MM', 2, 48000, 0, 'T', '2019-07-07 14:16:04', NULL),
('C0001', 'Kepala Sleting Plastik N0.5', 1, 135, 0, 'C', '2019-07-08 14:23:45', NULL),
('C0002', 'ROTAN H 3.2', 3, 11000, 0, 'C', '2019-08-12 12:53:42', '2019-08-12 12:59:52'),
('C0003', 'ROTAN P 3.2', 3, 14000, 0, 'C', '2019-08-12 13:00:12', NULL),
('D0001', 'Talikur', 5, 19500, 0, 'D', '2019-05-27 14:58:48', '2019-05-27 15:00:57'),
('D0002', 'Karet Elastis 4cm', 2, 55000, 0, 'D', '2019-06-08 13:32:28', '2019-06-08 13:33:01'),
('D0003', 'Karet Elastis 2cm', 2, 50000, 0, 'D', '2019-06-08 13:34:10', NULL),
('D0004', 'Karet Elastis 6kur', 3, 31500, 0, 'D', '2019-06-08 13:35:47', NULL),
('D0005', 'Rotan', 3, 4500, 0, 'D', '2019-06-08 13:37:08', NULL),
('D0006', 'Kepala Sleting Plastik N0.5', 1, 135, 0, 'D', '2019-06-08 13:38:52', NULL),
('D0007', 'FITERBAND ', 5, 60000, 0, 'D', '2019-07-07 14:07:32', NULL),
('D0008', 'TALI KEPANG', 2, 46500, 0, 'D', '2019-07-07 14:12:49', NULL),
('D0009', 'TALI KEPANG HITAM', 2, 45500, 0, 'D', '2019-10-11 12:07:39', NULL),
('E0001', 'ETIKET TPT1672 3K', 1, 350, 0, 'E', '2019-05-27 14:33:46', '2019-06-09 12:13:41'),
('E0002', 'BON K ACC SNB 4R', 6, 14000, 0, 'E', '2019-06-09 12:05:39', NULL),
('E0003', 'BON K BDR OML 4R', 6, 14000, 0, 'E', '2019-06-09 12:06:12', NULL),
('E0004', 'BON K BHN BAKU 3R', 6, 12000, 0, 'E', '2019-06-09 12:07:04', NULL),
('E0005', 'BON K GDNG KAIN 4R', 6, 14000, 0, 'E', '2019-06-09 12:07:54', NULL),
('E0006', 'BON K QUILTING 3R', 6, 12000, 0, 'E', '2019-06-09 12:08:32', NULL),
('E0007', 'BON K RTR OML 4R', 6, 14000, 0, 'E', '2019-06-09 12:09:07', NULL),
('E0008', 'Kartu Hasil Cutting 3R', 6, 12750, 0, 'E', '2019-06-09 12:10:34', NULL),
('E0009', 'Kartu Hasil Cutting 4R', 6, 15000, 0, 'E', '2019-06-09 12:10:55', '2019-10-29 10:49:18'),
('E0010', 'MEMO', 6, 7000, 0, 'E', '2019-06-09 12:11:25', '2019-10-29 09:11:04'),
('E0011', 'ETIKET TPT1671 3K', 1, 375, 0, 'E', '2019-06-09 12:14:35', '2019-06-09 12:15:22'),
('E0012', 'ETIKET TPT1673 3K', 1, 400, 0, 'E', '2019-06-09 12:16:41', '2019-07-09 14:54:54'),
('E0013', 'ETIKET TPT2271 3K', 1, 450, 0, 'E', '2019-06-09 12:20:14', NULL),
('E0014', 'ETIKET TPT2272 3K', 1, 425, 0, 'E', '2019-06-09 12:21:48', NULL),
('E0015', 'ETIKET TPT2273 3K', 1, 375, 0, 'E', '2019-06-09 12:22:43', NULL),
('E0016', 'ETIKET TPT2274 3K', 1, 475, 0, 'E', '2019-06-09 12:23:40', NULL),
('E0017', 'COVER IMK230100', 1, 500, 0, 'E', '2019-07-07 13:27:49', NULL),
('E0018', 'HANTAG DIALOGUE HOME KECIL', 1, 90, 0, 'E', '2019-07-07 13:30:53', NULL),
('E0019', 'COVER DIALOGUE 180 BESAR', 1, 1200, 0, 'E', '2019-07-07 13:32:20', NULL),
('E0020', 'COVER GGWKLSG 180', 1, 600, 0, 'E', '2019-07-07 13:32:54', NULL),
('E0021', 'COVER DLB4217/4218', 1, 500, 0, 'E', '2019-07-07 13:40:04', '2019-07-07 13:40:33'),
('E0022', 'HANTAG DIALOGUE 20X10', 1, 420, 0, 'E', '2019-07-07 13:41:04', NULL),
('E0023', 'HANTAG DIALOGUE 16,5X10', 1, 350, 0, 'E', '2019-07-07 13:41:29', NULL),
('E0024', 'COVER DLB4218', 1, 500, 0, 'E', '2019-07-07 13:41:51', NULL),
('E0025', 'TANDA TERIMA 3R', 6, 8000, 0, 'E', '2019-07-07 13:48:51', NULL),
('E0026', 'BUKTI PENGELUARAN 2R', 6, 12000, 0, 'E', '2019-07-07 13:49:35', '2019-10-29 11:01:33'),
('E0027', 'PAYMENT VOUCHER 3R', 6, 10000, 0, 'E', '2019-07-07 13:50:03', NULL),
('E0028', 'TANDA TERIMA 3R 1/3 NUM', 6, 11000, 0, 'E', '2019-07-07 13:50:41', '2019-10-29 09:06:09'),
('E0029', 'SPB 3R', 6, 10000, 0, 'E', '2019-07-07 13:50:58', NULL),
('E0030', 'HANTAG HANGER BABY JOY', 1, 675, 0, 'E', '2019-07-09 13:05:01', NULL),
('E0031', 'ETIKET TPT2701 TBL 3K', 1, 500, 0, 'E', '2019-07-09 14:38:48', '2019-08-11 12:56:14'),
('E0033', 'SJ BORDIRAN 4R', 6, 14000, 0, 'E', '2019-07-09 14:40:22', '2019-07-09 15:09:36'),
('E0034', 'ETIKET TPG1642 3K', 1, 375, 0, 'E', '2019-07-09 14:41:10', '2019-07-09 15:08:44'),
('E0035', 'ETIKET TPK1692 3K', 1, 475, 0, 'E', '2019-07-09 14:41:26', '2019-07-09 15:31:12'),
('E0036', 'ETIKET TPT2703 3K', 1, 525, 0, 'E', '2019-07-09 14:42:09', '2019-07-12 00:23:28'),
('E0037', 'STIKER QC PASSED PONDS', 1, 90, 0, 'E', '2019-07-09 14:42:51', '2019-07-09 14:53:56'),
('E0038', 'SJ PENGADAAN 4R', 6, 14000, 0, 'E', '2019-07-09 14:43:47', '2019-07-09 14:57:30'),
('E0039', 'SJ ACC 4R', 6, 14000, 0, 'E', '2019-07-09 14:44:03', '2019-07-09 14:57:05'),
('E0040', 'SJ BAHAN BAKU 4R', 1, 14000, 0, 'E', '2019-07-09 14:44:18', '2019-07-09 14:56:45'),
('E0041', 'ETIKET TPB1624 BULAT 3K', 1, 650, 0, 'E', '2019-07-09 14:45:10', '2019-07-09 14:55:34'),
('E0042', 'SJ UMUM TIRAI 4R', 6, 16000, 0, 'E', '2019-07-09 14:46:04', '2019-10-29 10:45:27'),
('E0043', 'ETIKET OBT4121/4122/4123 3K', 1, 425, 0, 'E', '2019-07-09 14:46:40', '2019-07-09 14:50:16'),
('E0044', 'ETIKET OBT4271/4272/4273 3K', 1, 350, 0, 'E', '2019-07-09 14:47:06', '2019-07-09 14:51:01'),
('E0045', 'ETIKET OBG2111/2112/2113 3K', 1, 450, 0, 'E', '2019-07-09 14:47:30', '2019-07-09 14:51:37'),
('E0046', 'COVER SRB 3201', 1, 1250, 0, 'E', '2019-07-09 15:54:04', NULL),
('E0047', 'HANTAG OMILAND 16X20', 1, 1250, 0, 'E', '2019-07-09 15:54:28', NULL),
('E0048', 'COVER OWB1142', 1, 600, 0, 'E', '2019-07-09 15:54:50', '2019-09-10 12:26:34'),
('E0049', 'COVER ORB2207/2210/2206', 1, 350, 0, 'E', '2019-07-09 15:55:28', NULL),
('E0050', 'COVER ORB4218', 1, 1000, 0, 'E', '2019-07-09 15:55:57', NULL),
('E0051', 'COVER ORB4209', 1, 1250, 0, 'E', '2019-07-09 15:56:19', NULL),
('E0052', 'COVER ORB4215', 1, 1250, 0, 'E', '2019-07-09 15:56:34', '2019-07-16 23:46:39'),
('E0053', 'COVER ORB2218/2219/2220', 1, 350, 0, 'E', '2019-07-09 15:57:09', NULL),
('E0054', 'SJ UMUM 3R', 6, 12000, 0, 'E', '2019-07-09 15:57:40', '2019-07-09 15:57:51'),
('E0055', 'SURAT JALAN POLOS 3R', 6, 12000, 0, 'E', '2019-07-09 15:58:28', NULL),
('E0056', 'ETIKET TPG1042 TBL 3K', 1, 600, 0, 'E', '2019-08-11 12:39:08', '2019-08-11 12:41:35'),
('E0057', 'ETIKET TPB1631 TBL 3K', 1, 475, 0, 'E', '2019-08-11 12:39:40', '2019-08-11 12:41:22'),
('E0058', 'ETIKET TPG2841/TPG2842 TBL 3K', 1, 600, 0, 'E', '2019-08-11 12:40:27', NULL),
('E0059', 'ETIKET TPK3091/3092 TBL 3K', 1, 600, 0, 'E', '2019-08-11 12:42:14', NULL),
('E0060', 'ETIKET TPT3071/3072 TBL 3K', 1, 475, 0, 'E', '2019-08-11 12:42:45', NULL),
('E0061', 'ETIKET TPG1641 TBL 3K', 1, 575, 0, 'E', '2019-08-11 12:43:17', '2019-08-11 12:53:48'),
('E0062', 'ETIKET TPG1645 TBL 3K', 1, 600, 0, 'E', '2019-08-11 12:44:07', NULL),
('E0063', 'ETIKET TPG1642 TBL 3K', 1, 500, 0, 'E', '2019-08-11 12:54:41', NULL),
('E0064', 'ETIKET TPG2245 A TBL 3K', 1, 600, 0, 'E', '2019-08-11 12:57:07', '2019-08-11 12:57:20'),
('E0065', 'ETIKET TPG2245 B TBL 3K', 1, 600, 0, 'E', '2019-08-11 12:57:44', NULL),
('E0066', 'ETIKET TPK1692 TBL 3K', 1, 600, 0, 'E', '2019-08-11 12:58:28', NULL),
('E0067', 'ETIKET TPT1672 TBL 5K', 1, 475, 0, 'E', '2019-08-11 12:59:34', NULL),
('E0068', 'ETIKET TPG2243 TBL 3K', 1, 600, 0, 'E', '2019-08-11 13:00:23', NULL),
('E0069', 'ETIKET TCG1632/TCT1652 3K', 1, 425, 0, 'E', '2019-08-11 13:27:40', NULL),
('E0070', 'ETIKET TCK2143 3K', 1, 475, 0, 'E', '2019-08-11 13:28:48', NULL),
('E0071', 'ETIKET TCG1931/1951 3K', 1, 475, 0, 'E', '2019-08-11 13:29:12', NULL),
('E0072', 'ETIKET TCK1641 3K', 1, 475, 0, 'E', '2019-08-11 13:29:46', NULL),
('E0073', 'ETIKET TCKK1642 3K', 1, 475, 0, 'E', '2019-08-11 13:30:06', NULL),
('E0074', 'ETIKET TCK1402 3K', 1, 475, 0, 'E', '2019-08-11 13:41:14', NULL),
('E0075', 'ETIKET TCK1514/TCG1313 3K', 1, 475, 0, 'E', '2019-08-11 13:41:44', NULL),
('E0076', 'ETIKET TCG1312/TCG1301 3K', 1, 425, 0, 'E', '2019-08-11 13:42:48', '2019-08-11 13:43:58'),
('E0077', 'ETIKET TCK1942 3K', 1, 475, 0, 'E', '2019-08-11 13:43:18', NULL),
('E0078', 'ETIKET TCK1943 3K', 1, 475, 0, 'E', '2019-08-11 13:43:48', NULL),
('E0079', 'ETIKET TPG1644 6K', 1, 2100, 0, 'E', '2019-08-11 13:48:04', NULL),
('E0080', 'ETIKET TPG1841 PJG 3K', 1, 2200, 0, 'E', '2019-08-11 14:21:51', NULL),
('E0081', 'ETIKET TCK214I 3K', 1, 3000, 0, 'E', '2019-08-11 14:22:42', NULL),
('E0082', 'ETIKET OBG3212/OBT4225 3K', 1, 425, 0, 'E', '2019-08-11 14:23:17', '2019-08-11 14:25:21'),
('E0083', 'ETIKET OBS8111/8112/8113 3K', 1, 475, 0, 'E', '2019-08-11 14:23:52', '2019-08-11 14:25:42'),
('E0084', 'ETIKET OBG6202 A 3K', 1, 475, 0, 'E', '2019-08-11 14:24:47', NULL),
('E0085', 'ETIKET OBG6202 B 3K', 1, 475, 0, 'E', '2019-08-11 14:25:07', NULL),
('E0086', 'STIKER EXTRA SLABER SEGITIGA', 1, 90, 0, 'E', '2019-08-11 14:26:48', NULL),
('E0087', 'ETIKET TCG2231  POND 3K', 1, 525, 0, 'E', '2019-08-11 14:27:31', NULL),
('E0088', 'ETIKET OBT4311 3K', 1, 425, 0, 'E', '2019-08-11 14:28:02', NULL),
('E0089', 'ETIKET 6041/6042/6043 3K', 1, 375, 0, 'E', '2019-08-11 14:28:30', NULL),
('E0090', 'ETIKET OBT4226 3K', 1, 475, 0, 'E', '2019-08-11 14:28:56', NULL),
('E0091', 'ETIKET OBG6161/6102/6163 3K', 1, 575, 0, 'E', '2019-08-11 14:29:25', NULL),
('E0092', 'BON K PACK WIP SNB 4R', 6, 14000, 0, 'E', '2019-08-11 14:42:13', NULL),
('E0093', 'SJ RETUR 4R', 6, 14000, 0, 'E', '2019-08-11 14:42:35', NULL),
('E0094', 'BUKTI PEMASUKAN 2R', 6, 10000, 0, 'E', '2019-08-11 14:43:04', NULL),
('E0095', 'SJ RETUR WIP 4R', 6, 14000, 0, 'E', '2019-08-11 14:43:38', NULL),
('E0096', 'BON K GUDANG KAIN CB 4R NUMERIK', 6, 15000, 0, 'E', '2019-08-11 14:44:15', NULL),
('E0097', 'BON M WIP 4R NUMERIK', 6, 15000, 0, 'E', '2019-08-11 15:15:28', NULL),
('E0098', 'BON M BDR OML 4R', 1, 14000, 0, 'E', '2019-08-11 15:17:31', NULL),
('E0099', 'ETIKET TCG1631/TCT1651 3K', 1, 425, 0, 'E', '2019-08-11 15:33:45', NULL),
('E0100', 'ETIKET TCG1832/TCT1852 3K', 1, 425, 0, 'E', '2019-08-11 15:34:14', NULL),
('E0101', 'ETIKET TCT2151 3K', 1, 425, 0, 'E', '2019-08-11 15:34:40', NULL),
('E0102', 'ETIKET TCT2152 3K', 1, 425, 0, 'E', '2019-08-11 15:35:22', NULL),
('E0103', 'ETIKET TCT1653 3K', 1, 475, 0, 'E', '2019-08-11 15:35:47', NULL),
('E0104', 'ETIKET TPG1644 3K PJG', 1, 2200, 0, 'E', '2019-08-11 15:36:10', NULL),
('E0105', 'ETIKET TPG2402 TBL 3K', 1, 600, 0, 'E', '2019-08-11 15:36:51', NULL),
('E0106', 'BON M 3R', 6, 12000, 0, 'E', '2019-08-11 15:46:23', NULL),
('E0107', 'BON K 3R', 6, 12000, 0, 'E', '2019-08-11 15:46:44', NULL),
('E0108', 'COVER GENDONGAN BAYI', 1, 350, 0, 'E', '2019-08-12 12:18:57', NULL),
('E0109', 'COVER PELANGI ', 1, 800, 0, 'E', '2019-08-12 12:24:18', NULL),
('E0110', 'COVER CGW DIALOGUE 25X34', 1, 800, 0, 'E', '2019-08-12 12:26:34', NULL),
('E0111', 'SJ POLOS 5R', 6, 16000, 0, 'E', '2019-08-12 12:28:18', NULL),
('E0112', 'SJ POLOS 3R', 6, 12000, 0, 'E', '2019-08-12 12:34:06', NULL),
('E0113', 'COVER ORB2306', 1, 250, 0, 'E', '2019-08-12 12:41:19', NULL),
('E0114', 'COVER ORB2314/2315/2316', 1, 350, 0, 'E', '2019-08-12 12:41:48', NULL),
('E0115', 'COVER ORB3209', 1, 1250, 0, 'E', '2019-08-12 12:42:06', NULL),
('E0116', 'COVER KLSG300,SKD4100,1106,1105', 1, 400, 0, 'E', '2019-09-05 14:45:38', NULL),
('E0117', 'COVER CGW BEDROOM', 1, 600, 0, 'E', '2019-09-05 14:46:17', NULL),
('E0118', 'COVER HIPER ECHO', 1, 450, 0, 'E', '2019-09-05 14:46:49', NULL),
('E0119', 'COVER KANSA', 1, 850, 0, 'E', '2019-09-05 14:47:12', NULL),
('E0120', 'COVER ORB 4219', 1, 600, 0, 'E', '2019-09-06 12:32:16', NULL),
('E0121', 'SJ KKN 5R', 6, 16000, 0, 'E', '2019-09-06 12:32:55', NULL),
('E0122', 'COVER ORB4306/4307/4308', 1, 750, 0, 'E', '2019-09-06 12:33:44', NULL),
('E0123', 'COVER ORB4318/4319/4320', 1, 750, 0, 'E', '2019-09-06 12:34:21', NULL),
('E0124', 'HANGTAG DIALOGUE 20X10', 1, 650, 0, 'E', '2019-09-06 12:35:17', NULL),
('E0125', 'COVER OWB1141', 1, 600, 0, 'E', '2019-09-06 12:35:52', '2019-09-10 12:23:19'),
('E0126', 'COVER ORB4208', 1, 1250, 0, 'E', '2019-09-06 12:43:09', NULL),
('E0127', 'COVER ORB4321/4313/4314', 1, 750, 0, 'E', '2019-09-06 12:43:38', NULL),
('E0128', 'COVER ORB4206/4207', 1, 1100, 0, 'E', '2019-09-06 12:44:07', NULL),
('E0129', 'COVER OWB1147/1148/1149', 1, 500, 0, 'E', '2019-09-06 12:45:03', NULL),
('E0130', 'HANGTAG OMILAND 12X20', 1, 650, 0, 'E', '2019-09-06 12:45:25', NULL),
('E0131', 'COVER DLB4303', 1, 1250, 0, 'E', '2019-09-06 12:45:45', '2019-09-06 12:49:38'),
('E0132', 'COVER DLK0041', 1, 550, 0, 'E', '2019-09-06 12:57:40', NULL),
('E0133', 'COVER MBB1901', 1, 550, 0, 'E', '2019-09-06 12:58:23', NULL),
('E0134', 'COVER DIALOGUE 2IN1', 1, 400, 0, 'E', '2019-09-06 12:58:53', NULL),
('E0135', 'COVER PRINT KOJONG BAYI', 1, 2750, 0, 'E', '2019-09-06 12:59:21', NULL),
('E0136', 'COVER CLS101', 1, 400, 0, 'E', '2019-09-06 12:59:48', NULL),
('E0137', 'COVER HIPER BALLO', 1, 400, 0, 'E', '2019-09-06 13:01:47', NULL),
('E0138', 'SJ DS KONVEKSI', 6, 16000, 0, 'E', '2019-09-06 13:03:00', NULL),
('E0139', 'COVER DKD5100/5101', 1, 500, 0, 'E', '2019-09-06 13:04:01', NULL),
('E0140', 'COVER MBK1901', 1, 450, 0, 'E', '2019-09-06 13:06:14', NULL),
('E0141', 'BIS BISSAN 4R', 6, 14000, 0, 'E', '2019-09-06 13:08:56', NULL),
('E0142', 'SJ QC 4R', 6, 14000, 0, 'E', '2019-09-06 13:09:20', NULL),
('E0143', 'SJ BON PENGANTI 1R', 6, 8000, 0, 'E', '2019-09-06 13:09:44', NULL),
('E0144', 'COVER SUPERECHO', 1, 450, 0, 'E', '2019-09-06 13:39:19', NULL),
('E0145', 'ETIKET TPT1671 TBL 3K', 1, 475, 0, 'E', '2019-09-06 14:28:17', '2019-09-06 14:28:44'),
('E0146', 'ETIKET OBK5214/5213 3K', 1, 475, 0, 'E', '2019-09-06 14:29:57', '2019-09-06 14:30:22'),
('E0147', 'ETIKET OBG2311 3K', 1, 475, 0, 'E', '2019-09-06 14:38:48', NULL),
('E0148', 'ETIKET OBG2807/1305 3K', 1, 475, 0, 'E', '2019-09-06 14:47:56', NULL),
('E0149', 'ETIKET OBT3202/2205/1203 3K', 1, 425, 0, 'E', '2019-09-06 14:49:15', NULL),
('E0150', 'ETIKET OBT4212/4214 3K', 1, 425, 0, 'E', '2019-09-06 14:49:55', NULL),
('E0151', 'ETIKET OBT4213/3209 3K', 1, 425, 0, 'E', '2019-09-06 14:50:23', NULL),
('E0152', 'ETIKET OBG1204/2203 3K', 1, 425, 0, 'E', '2019-09-06 14:50:58', NULL),
('E0153', 'ETIKET TCG2131 3K', 1, 450, 0, 'E', '2019-09-06 14:51:24', NULL),
('E0154', 'ETIKET TCY2251 3K', 1, 425, 0, 'E', '2019-09-06 14:51:56', NULL),
('E0155', 'ETIKET OBG2331 3K POND', 1, 525, 0, 'E', '2019-09-09 12:31:27', NULL),
('E0156', 'STOK TAG SEND AC TBL', 1, 250, 0, 'E', '2019-09-09 12:34:17', '2019-09-09 12:34:31'),
('E0157', 'STOK TAG SEND KNG TBL', 1, 250, 0, 'E', '2019-09-09 12:35:00', NULL),
('E0158', 'STOK TAG SEND MRH TBL', 1, 250, 0, 'E', '2019-09-09 12:35:16', NULL),
('E0159', 'STOK TAG SEND HJ TBL', 1, 250, 0, 'E', '2019-09-09 12:35:41', NULL),
('E0160', 'ETIKET TCT2353 3K', 1, 425, 0, 'E', '2019-09-09 12:37:33', NULL),
('E0161', 'STIKER EXTRA BONEKA CB', 1, 200, 0, 'E', '2019-09-09 12:38:21', NULL),
('E0162', 'ETIKET TCG1633 A 3K', 1, 500, 0, 'E', '2019-09-09 12:39:09', NULL),
('E0163', 'ETIKET TCG1633 B 3K', 1, 500, 0, 'E', '2019-09-09 12:39:30', NULL),
('E0164', 'ETIKET OBT4331 3K', 1, 425, 0, 'E', '2019-09-09 12:41:31', NULL),
('E0165', 'ETIKET TCG2133 3K POND', 1, 525, 0, 'E', '2019-09-09 12:43:05', '2019-09-09 12:43:38'),
('E0166', 'ETIKET TCK3402 3K', 1, 475, 0, 'E', '2019-09-09 12:44:13', NULL),
('E0167', 'ETIKET TCK2341 3K', 1, 475, 0, 'E', '2019-09-09 12:44:58', NULL),
('E0168', 'ETIKET TCK23433K', 1, 475, 0, 'E', '2019-09-09 12:45:19', NULL),
('E0169', 'ETIKET TCK2342 3K', 1, 475, 0, 'E', '2019-09-09 12:45:42', NULL),
('E0170', 'ETIKET TCG2333 3K', 1, 450, 0, 'E', '2019-09-09 12:47:13', NULL),
('E0171', 'COVER OWB1142 2K', 1, 600, 0, 'E', '2019-09-10 12:26:55', NULL),
('E0172', 'COVER ORB2306 2K', 1, 350, 0, 'E', '2019-09-10 12:30:31', NULL),
('E0173', 'COVER ORB2314/2315/2316 2K', 1, 350, 0, 'E', '2019-09-10 12:31:07', NULL),
('E0174', 'COVER ORB4209 2K', 1, 1250, 0, 'E', '2019-09-10 12:31:44', NULL),
('E0175', 'COVER ORB4218 2K', 1, 1000, 0, 'E', '2019-09-10 12:32:23', NULL),
('E0176', 'COVER ORB3205/3201/3204/3301', 1, 1250, 0, 'E', '2019-09-10 13:10:33', NULL),
('E0177', 'COVER ORB4220', 1, 1250, 0, 'E', '2019-09-10 13:10:52', NULL),
('E0178', 'COVER OBW1144', 1, 1350, 0, 'E', '2019-09-10 13:11:23', NULL),
('E0179', 'COVER ORB2312', 1, 350, 0, 'E', '2019-09-10 13:11:42', NULL),
('E0180', 'COVER KGDOO717 BLT', 1, 1200, 0, 'E', '2019-09-10 13:12:06', NULL),
('E0181', 'COVER OWB1143', 1, 600, 0, 'E', '2019-09-10 13:12:26', NULL),
('E0182', 'COVR OBW1144', 1, 1350, 0, 'E', '2019-09-10 13:12:42', NULL),
('E0183', 'COVER IKO1903/1913/1923', 1, 1200, 0, 'E', '2019-09-10 13:13:25', NULL),
('E0184', 'COVER PKD1570/1571/1572', 1, 500, 0, 'E', '2019-09-10 13:13:58', NULL),
('E0185', 'COVER BEKAS', 2, 10000, 0, 'E', '2019-09-10 13:29:43', NULL),
('E0186', 'COVER DLB4212/4213 BEDONG INSTAN', 1, 650, 0, 'E', '2019-09-10 13:46:18', NULL),
('E0187', 'COVER KSP07614', 1, 650, 0, 'E', '2019-10-04 14:42:14', NULL),
('E0188', 'COVER CLUT DIAPERS DIALOGUE', 1, 1500, 0, 'E', '2019-10-07 14:43:06', NULL),
('E0189', 'COVER SABUK DIAPERS SNOBBY', 1, 800, 0, 'E', '2019-10-07 14:43:31', NULL),
('E0190', 'SJ PERMINTAAN PEMBELIAN 3R', 6, 12000, 0, 'E', '2019-10-07 14:44:38', NULL),
('E0191', 'SJ BON K ACC 3R', 6, 12000, 0, 'E', '2019-10-07 14:45:17', NULL),
('E0192', 'SJ BON M G KAIN 3R', 6, 12000, 0, 'E', '2019-10-07 14:45:50', NULL),
('E0193', 'SJ BON K BDF 3R', 6, 12000, 0, 'E', '2019-10-07 14:46:07', NULL),
('E0194', 'SJ BON M BDF 3R', 6, 12000, 0, 'E', '2019-10-07 14:46:31', NULL),
('E0195', 'SJ BON K G KAIN 3R', 6, 12000, 0, 'E', '2019-10-07 14:46:54', NULL),
('E0196', 'SJ BON M ACC 3R', 6, 12000, 0, 'E', '2019-10-07 14:47:15', NULL),
('E0197', 'COVER DLB4301', 1, 1250, 0, 'E', '2019-10-07 14:49:57', NULL),
('E0198', 'SJ POLOS SM 4R', 6, 14000, 0, 'E', '2019-10-07 15:12:31', NULL),
('E0199', 'SJ POLOS 2R', 6, 10000, 0, 'E', '2019-10-07 15:12:59', NULL),
('E0200', 'COVER DLB4305', 1, 1250, 0, 'E', '2019-10-07 15:21:05', NULL),
('E0201', 'SJ WKM MKLM 4R', 6, 14000, 0, 'E', '2019-10-07 15:35:13', NULL),
('E0202', 'SJ BON M 4R', 6, 16000, 0, 'E', '2019-10-07 15:35:36', '2019-10-29 10:45:10'),
('E0203', 'ETIKET TPT1673 TBL 3K', 1, 625, 0, 'E', '2019-10-11 12:35:39', NULL),
('E0204', 'ETIKET TCK9402 3K', 1, 475, 0, 'E', '2019-10-11 12:45:38', NULL),
('E0205', 'ETIKET TCK9402 6K', 1, 450, 0, 'E', '2019-10-11 12:45:59', NULL),
('E0206', 'ETIKET TCK1941 3K', 1, 475, 0, 'E', '2019-10-11 12:46:39', NULL),
('E0207', 'ETIKET TCT1654 3K', 1, 425, 0, 'E', '2019-10-11 12:47:17', NULL),
('E0208', 'ETIKET TCK9401 3K', 1, 475, 0, 'E', '2019-10-11 12:48:04', NULL),
('E0209', 'ETIKET TCB1911', 1, 300, 0, 'E', '2019-10-11 12:48:47', NULL),
('E0210', 'ETIKET TCG2132 3K', 1, 450, 0, 'E', '2019-10-11 12:52:44', NULL),
('E0211', 'ETIKET OBK5261/5262/5263 1K', 1, 725, 0, 'E', '2019-10-11 13:20:30', NULL),
('E0212', 'ETIKET OBK5311 2K', 1, 500, 0, 'E', '2019-10-11 13:21:07', NULL),
('E0213', 'ETIKET OBT4321 2K', 1, 500, 0, 'E', '2019-10-11 13:22:03', NULL),
('E0214', 'FLYER TPG5341 DBL SIDE', 1, 255, 0, 'E', '2019-10-11 13:22:44', NULL),
('E0215', 'ETIKET OBK5021/5022/5023 2K', 1, 500, 0, 'E', '2019-10-11 13:26:02', NULL),
('E0216', 'ETIKET TPB3031/3032 TBL 3K', 1, 500, 0, 'E', '2019-10-11 13:32:38', NULL),
('E0217', 'ETIKET TPG2144 POND TBL 3K', 1, 725, 0, 'E', '2019-10-11 13:33:26', NULL),
('E0218', 'ETIKET TPG2143 POND TBL 3K', 1, 725, 0, 'E', '2019-10-11 13:33:54', NULL),
('E0219', 'ETIKET TPG3041/3042 TBL 3K', 1, 575, 0, 'E', '2019-10-11 13:35:39', NULL),
('E0220', 'ETIKET TCT2351 3K', 1, 425, 0, 'E', '2019-10-11 13:36:52', NULL),
('E0221', 'ETIKET TCT2352', 1, 425, 0, 'E', '2019-10-11 13:37:18', NULL),
('E0222', 'ETIKET TCK1643 3K', 1, 475, 0, 'E', '2019-10-11 13:38:27', NULL),
('E0223', 'ETIKET TCB2311 3K', 1, 375, 0, 'E', '2019-10-11 13:44:45', NULL),
('E0224', 'SJ BON K G KAIN 4R', 1, 14000, 0, 'E', '2019-10-11 13:47:57', NULL),
('E0225', 'STIKER M ZOO KCL', 1, 125, 0, 'E', '2019-10-15 23:44:24', NULL),
('E0226', 'COVER PRINT OMILAND', 1, 2500, 0, 'E', '2019-10-29 03:11:13', NULL),
('E0227', 'COVER OYK1001/1002/1003', 1, 280, 0, 'E', '2019-10-29 03:12:57', NULL),
('E0228', 'SJ KONTRABON 3R', 6, 12000, 0, 'E', '2019-10-29 03:14:25', '2019-10-29 03:26:12'),
('E0229', 'SJ YAYAT KONVEKSI 4R', 6, 14000, 0, 'E', '2019-10-29 03:15:39', '2019-10-29 03:18:09'),
('E0230', 'SPB 4R', 6, 14000, 0, 'E', '2019-10-29 03:16:29', '2019-10-29 03:17:59'),
('E0231', 'SURAT TUGAS LUAR KOTA 4R', 6, 14000, 0, 'E', '2019-10-29 03:16:57', '2019-10-29 03:17:48'),
('E0232', 'BUKTI PENERIMAAN BRG 4R', 6, 14000, 0, 'E', '2019-10-29 03:17:32', NULL),
('E0233', 'SJ PERLENGKAPAN 4R', 6, 14000, 0, 'E', '2019-10-29 03:19:29', NULL),
('E0234', 'COVER GEND 2IN1', 1, 350, 0, 'E', '2019-10-29 03:20:38', NULL),
('E0235', 'BON K PENGADAAN C .KAIN 3R', 6, 12000, 0, 'E', '2019-10-29 03:59:34', NULL),
('E0236', 'BON M PENGADAAN C. KAIN 3R', 6, 12000, 0, 'E', '2019-10-29 04:00:06', NULL),
('E0237', 'COVER OWS2141', 1, 900, 0, 'E', '2019-10-29 04:02:36', NULL),
('E0238', 'COVER TBB MONO POLKA', 1, 600, 0, 'E', '2019-10-29 04:03:36', NULL),
('E0239', 'COVER G HIP SPOTED SERIES', 1, 600, 0, 'E', '2019-10-29 04:04:02', NULL),
('E0240', 'COVER HIP MONO POLKA ', 1, 600, 0, 'E', '2019-10-29 04:04:25', NULL),
('E0241', 'COVER OBT4423/21/22 2K', 1, 475, 0, 'E', '2019-10-29 04:07:54', NULL),
('E0242', 'COVER OBB1412/11/13 2K', 1, 475, 0, 'E', '2019-10-29 04:09:08', NULL),
('E0243', 'COVER MBB OO2 OTHELLO 3K', 1, 1000, 0, 'E', '2019-10-29 04:09:47', NULL),
('E0244', 'COVER OBT4217/16/OBG3210 1K', 1, 800, 0, 'E', '2019-10-29 04:10:45', NULL),
('E0245', 'COVER OBT4226 1K', 1, 800, 0, 'E', '2019-10-29 04:11:06', NULL),
('E0246', 'COVER OBK5261/62/63 1K', 1, 800, 0, 'E', '2019-10-29 04:11:31', NULL),
('E0247', 'COVER OBT4431 1K', 1, 800, 0, 'E', '2019-10-29 04:12:04', NULL),
('E0248', 'COVER OBK5201 1K', 1, 850, 0, 'E', '2019-10-29 04:12:29', NULL),
('E0249', 'COVER OBG6031/6032/6033 1K', 1, 800, 0, 'E', '2019-10-29 04:13:02', NULL),
('E0250', 'COVER OBT4311 2K', 1, 500, 0, 'E', '2019-10-29 04:13:32', NULL),
('E0251', 'COVER OBT4202/4214/2207 2K', 1, 500, 0, 'E', '2019-10-29 04:14:07', NULL),
('E0252', 'COVER OBG2011/12/13 1K', 1, 850, 0, 'E', '2019-10-29 04:20:44', NULL),
('E0253', 'COVER OBG1203/1302/1303 1K', 1, 500, 0, 'E', '2019-10-29 04:21:21', NULL),
('E0254', 'COVER OBT4321 1K', 1, 600, 0, 'E', '2019-10-29 04:21:46', NULL),
('E0255', 'COVER OBT4225 1K', 1, 700, 0, 'E', '2019-10-29 04:22:16', NULL),
('E0256', 'COVER OBG2311 2K', 1, 600, 0, 'E', '2019-10-29 04:22:48', NULL),
('E0257', 'COVER OBT1201/1301/1303/1102/1103 2K', 1, 500, 0, 'E', '2019-10-29 04:23:38', NULL),
('E0258', 'COVER OBG2321 1K', 1, 850, 0, 'E', '2019-10-29 04:24:03', NULL),
('E0259', 'COVER OBG2351 1K', 1, 850, 0, 'E', '2019-10-29 04:24:48', NULL),
('E0260', 'COVER OBT4431/4432/4433 3K', 1, 500, 0, 'E', '2019-10-29 04:26:24', NULL),
('E0261', 'COVER OWB1150/1151/1152 3K', 1, 350, 0, 'E', '2019-10-29 04:27:18', NULL),
('E0262', 'COVER OBG2411/12/13 2K', 1, 650, 0, 'E', '2019-10-29 04:28:53', NULL),
('E0263', 'COVER OBT4331 1K', 1, 800, 0, 'E', '2019-10-29 04:44:00', NULL),
('E0264', 'COVER ORB4218', 1, 1000, 0, 'E', '2019-10-29 08:31:43', NULL),
('E0265', 'SJ WTC 3R', 6, 12000, 12000, 'E', '2019-10-29 08:33:03', '2019-10-29 08:34:39'),
('E0266', 'SJ WTC 5R', 6, 16000, 0, 'E', '2019-10-29 08:33:21', NULL),
('E0267', 'COVER IMK200300', 1, 850, 0, 'E', '2019-10-29 08:38:54', NULL),
('E0268', 'COVER IMK35000', 1, 900, 0, 'E', '2019-10-29 08:39:15', NULL),
('E0269', 'COVER KSR00714', 1, 800, 0, 'E', '2019-10-29 08:41:31', NULL),
('E0270', 'COVER DKD5102', 1, 500, 0, 'E', '2019-10-29 08:43:22', NULL),
('E0271', 'H DIALOGUE KECIL MERAH ', 1, 110, 0, 'E', '2019-10-29 08:51:10', NULL),
('E0272', 'H DIALOGUE BESAR MERAH', 1, 130, 0, 'E', '2019-10-29 08:51:31', NULL),
('E0273', 'COVER GEND BAYI INSTAN 2IN1 ', 1, 400, 0, 'E', '2019-10-29 08:59:58', NULL),
('E0274', 'SJ IMAN MISGIYANTO 5R', 6, 18000, 0, 'E', '2019-10-29 09:08:07', NULL),
('E0275', 'SJ KAI 3R', 6, 14000, 0, 'E', '2019-10-29 09:12:51', '2019-10-29 09:13:00'),
('E0276', 'SJ YAYAT KONVEKSI 5R', 6, 18000, 0, 'E', '2019-10-29 09:14:33', NULL),
('E0277', 'ETIKET TPG1644 TBL D PONDS', 1, 725, 0, 'E', '2019-10-29 09:58:49', NULL),
('E0278', 'ETIKET TPG1644 TBL B', 1, 600, 0, 'E', '2019-10-29 09:59:16', NULL),
('E0279', 'ETIKET TCB2111 2K', 1, 375, 0, 'E', '2019-10-29 10:11:26', NULL),
('E0280', 'ETIKET TCT4502 2K', 1, 450, 0, 'E', '2019-10-29 10:11:57', NULL),
('E0281', 'ETIKET TCT2153 2K', 1, 450, 0, 'E', '2019-10-29 10:12:21', NULL),
('E0282', 'ETIKET TCG1634 2K', 1, 475, 0, 'E', '2019-10-29 10:13:00', NULL),
('E0283', 'ETIKET TPK9801 TBL 3K', 1, 925, 0, 'E', '2019-10-29 10:25:41', NULL),
('E0284', 'ETIKET TCG1932 2K', 1, 475, 0, 'E', '2019-10-29 10:28:06', NULL),
('E0285', 'ETIKET TCT2252 2K', 1, 475, 0, 'E', '2019-10-29 10:28:41', NULL),
('E0286', 'ETIKET TCK2142 3K', 1, 475, 0, 'E', '2019-10-29 10:29:22', NULL),
('E0287', 'ETIKET TCB2111 3K', 1, 350, 0, 'E', '2019-10-29 10:30:02', '2019-10-29 10:30:30'),
('E0288', 'ETIKET TPT3174 TBL 3K', 1, 625, 0, 'E', '2019-10-29 10:33:12', NULL),
('E0289', 'ETIKET TPB1625 TBL 3K', 1, 700, 0, 'E', '2019-10-29 10:35:08', NULL),
('E0290', 'ETIKET TCT7501 3K', 1, 425, 0, 'E', '2019-10-29 10:37:16', NULL),
('E0291', 'ETIKET TCG1932 3K', 1, 450, 0, 'E', '2019-10-29 10:38:10', NULL),
('E0292', 'ETIKET TPB3131 TBL 3K', 1, 500, 0, 'E', '2019-10-29 10:41:06', NULL),
('E0293', 'ETIKET TPB1621 TBL 3K', 1, 500, 0, 'E', '2019-10-29 10:41:29', NULL),
('E0294', 'ETIKET TCB2133 BULAT BSR', 1, 650, 0, 'E', '2019-10-29 10:56:48', NULL),
('E0295', 'ETIKET TCG2331 2K ', 1, 475, 0, 'E', '2019-10-29 10:57:48', NULL),
('E0296', 'KONTRABON 1/4 2R', 6, 7000, 0, 'E', '2019-10-29 11:02:56', NULL),
('H0001', 'Kepala Sleting Plastik N0.5', 1, 125, 0, 'H', '2019-07-08 14:40:34', '2019-10-29 02:41:00'),
('H0002', 'Kepala Sleting Plastik No.5 Cream', 1, 125, 0, 'H', '2019-10-07 15:50:45', '2019-10-29 02:40:50'),
('H0003', 'Kepala Sleting Plastik No.5 Putih', 1, 125, 0, 'H', '2019-10-07 15:53:56', NULL),
('H0004', 'Kepala sleting No.3', 1, 125, 0, 'H', '2019-10-29 02:40:25', NULL);

-- --------------------------------------------------------

--
-- Table structure for table `tr_barang_warna`
--

CREATE TABLE `tr_barang_warna` (
  `i_kode_brg` varchar(10) NOT NULL,
  `i_id_warna` int(11) NOT NULL,
  `i_kode_perusahaan` varchar(4) NOT NULL,
  `d_input` timestamp NULL DEFAULT NULL,
  `d_update` timestamp NULL DEFAULT NULL
) ENGINE=InnoDB DEFAULT CHARSET=latin1;

--
-- Dumping data for table `tr_barang_warna`
--

INSERT INTO `tr_barang_warna` (`i_kode_brg`, `i_id_warna`, `i_kode_perusahaan`, `d_input`, `d_update`) VALUES
('A0001', 16, 'T', '2019-07-07 14:16:51', NULL),
('C0002', 9, 'C', '2019-08-12 12:58:31', NULL),
('C0003', 10, 'C', '2019-08-12 13:00:38', NULL),
('D0001', 10, 'D', '2019-05-27 15:01:48', NULL),
('D0002', 9, 'D', '2019-06-08 13:34:42', NULL),
('D0003', 10, 'D', '2019-06-08 13:34:54', NULL),
('D0004', 10, 'D', '2019-06-08 13:36:06', NULL),
('D0005', 9, 'D', '2019-06-08 13:37:23', NULL),
('D0006', 3, 'D', '2019-06-08 13:45:16', NULL),
('D0006', 5, 'D', '2019-06-08 13:43:15', NULL),
('D0006', 7, 'D', '2019-06-08 13:44:57', NULL),
('D0006', 8, 'D', '2019-06-08 13:43:37', NULL),
('D0006', 10, 'D', '2019-06-08 13:44:49', NULL),
('D0006', 11, 'D', '2019-06-08 13:42:50', NULL),
('D0006', 12, 'D', '2019-06-08 13:43:02', NULL),
('D0006', 13, 'D', '2019-06-08 13:43:26', NULL),
('D0006', 14, 'D', '2019-06-08 13:44:30', NULL),
('D0006', 15, 'D', '2019-06-08 13:43:52', NULL),
('D0006', 17, 'D', '2019-08-11 13:06:19', NULL),
('D0007', 10, 'D', '2019-07-07 14:08:37', NULL),
('D0008', 11, 'D', '2019-07-07 14:13:03', NULL),
('H0001', 5, 'H', '2019-08-12 12:50:25', NULL),
('H0001', 9, 'H', '2019-10-29 02:48:16', NULL),
('H0001', 10, 'H', '2019-08-12 12:50:40', NULL),
('H0001', 18, 'H', '2019-10-29 02:49:27', NULL);

-- --------------------------------------------------------

--
-- Table structure for table `tr_cabang`
--

CREATE TABLE `tr_cabang` (
  `i_cabang` int(11) NOT NULL,
  `i_pelanggan` int(11) NOT NULL,
  `i_kode_cabang` varchar(10) DEFAULT NULL,
  `e_nama_cabang` varchar(200) NOT NULL,
  `e_alamat_cabang` varchar(255) NOT NULL,
  `e_kota_cabang` varchar(50) DEFAULT NULL,
  `e_inisial` varchar(10) DEFAULT NULL,
  `i_kode_perusahaan` varchar(2) NOT NULL,
  `d_input` timestamp NULL DEFAULT NULL,
  `d_update` timestamp NULL DEFAULT NULL
) ENGINE=InnoDB DEFAULT CHARSET=latin1;

--
-- Dumping data for table `tr_cabang`
--

INSERT INTO `tr_cabang` (`i_cabang`, `i_pelanggan`, `i_kode_cabang`, `e_nama_cabang`, `e_alamat_cabang`, `e_kota_cabang`, `e_inisial`, `i_kode_perusahaan`, `d_input`, `d_update`) VALUES
(2, 1, 'WKM1', 'PT. Wahana Kasih Mulia (01)', 'Jl. Jawa', 'Jawa Timur', 'WKM(01)', 'A', '2019-05-12 03:18:39', '2019-05-12 03:18:49');

-- --------------------------------------------------------

--
-- Table structure for table `tr_grup_pelanggan`
--

CREATE TABLE `tr_grup_pelanggan` (
  `i_id_grup` int(11) NOT NULL,
  `i_kode_grup` varchar(4) NOT NULL,
  `e_nama_grup` varchar(50) NOT NULL,
  `i_kode_perusahaan` varchar(4) NOT NULL,
  `d_input` timestamp NULL DEFAULT NULL,
  `d_update` timestamp NULL DEFAULT NULL
) ENGINE=InnoDB DEFAULT CHARSET=latin1;

--
-- Dumping data for table `tr_grup_pelanggan`
--

INSERT INTO `tr_grup_pelanggan` (`i_id_grup`, `i_kode_grup`, `e_nama_grup`, `i_kode_perusahaan`, `d_input`, `d_update`) VALUES
(1, 'Dst', 'Distributor Update', 'A', '2019-05-11 22:58:11', '2019-05-12 00:23:53'),
(2, 'TK', 'Toko Kelontong', 'A', '2019-05-12 00:23:30', NULL),
(4, 'Dis', 'Distributor', 'B', '2019-05-12 00:30:52', NULL);

-- --------------------------------------------------------

--
-- Table structure for table `tr_pelanggan`
--

CREATE TABLE `tr_pelanggan` (
  `i_pelanggan` int(11) NOT NULL,
  `i_kode_pelanggan` varchar(6) NOT NULL,
  `e_nama_pelanggan` varchar(255) NOT NULL,
  `e_alamat_pelanggan` varchar(200) NOT NULL,
  `e_nama_kota` varchar(50) DEFAULT NULL,
  `f_pelanggan_pkp` tinyint(1) NOT NULL DEFAULT '0',
  `e_npwp` varchar(20) NOT NULL DEFAULT '000.000.000.000.000',
  `n_top` int(5) NOT NULL DEFAULT '30',
  `e_telp_pelanggan` varchar(50) DEFAULT NULL,
  `e_fax_pelanggan` varchar(50) DEFAULT NULL,
  `e_kontak_pelanggan` varchar(150) DEFAULT NULL,
  `i_id_grup` int(11) NOT NULL DEFAULT '1',
  `e_ktp_pelanggan` varchar(25) DEFAULT NULL,
  `n_ekspedisi_pelanggan` int(11) DEFAULT '0',
  `i_kode_perusahaan` varchar(4) NOT NULL DEFAULT '0',
  `d_input` timestamp NULL DEFAULT NULL,
  `d_update` timestamp NULL DEFAULT NULL
) ENGINE=InnoDB DEFAULT CHARSET=latin1;

--
-- Dumping data for table `tr_pelanggan`
--

INSERT INTO `tr_pelanggan` (`i_pelanggan`, `i_kode_pelanggan`, `e_nama_pelanggan`, `e_alamat_pelanggan`, `e_nama_kota`, `f_pelanggan_pkp`, `e_npwp`, `n_top`, `e_telp_pelanggan`, `e_fax_pelanggan`, `e_kontak_pelanggan`, `i_id_grup`, `e_ktp_pelanggan`, `n_ekspedisi_pelanggan`, `i_kode_perusahaan`, `d_input`, `d_update`) VALUES
(2, 'DGU', 'PT.DIalogue Garmindo Utama', 'Jl. Industri 1 No.1 (Dekat Rs Kasih Bunda)', NULL, 1, '015.485.717.441.000', 45, '(022)7452153', '', 'Ana', 1, '', 0, 'T', '2019-05-12 01:58:09', NULL),
(3, 'WKM1', 'PT. WAHANA KASIH MULIA', 'JL. INDUSTRI 1', NULL, 0, '000.000.000.000.000', 30, '', '', 'BAPAK', 0, '', 0, 'H', '2019-05-26 04:43:03', '2019-08-12 12:50:03'),
(4, 'EFGH', 'PT. EFGH BOHONG', 'Jl. EFGH EFGHAN DA BOHONG 2', NULL, 0, '', 30, '(022) 678903123', '', 'Bp. Amirudin', 0, '', 0, 'H', '2019-05-26 04:45:36', NULL),
(5, 'TPN', 'PT. TIRAI PELANGI NUSANTARA', 'JL. INDUSTRI 1 NO.1', NULL, 0, '', 45, '022-6641321', '022-6641321', 'Bpk. Dani', 0, '', 0, 'E', '2019-05-27 14:37:05', NULL),
(6, 'TPN01', 'PT. TIRAI PELANGI NUSANTARA', 'JL. INDUSTRI 1 NO.1', NULL, 0, '', 45, '022-6641321', '022-6641321', '', 0, '', 0, 'D', '2019-05-27 14:56:51', '2019-05-27 14:59:45'),
(7, 'IMMA', 'CV. IMMANUEL', 'JL. INDUSTRI 1 NO.1', NULL, 0, '', 30, '', '', '', 0, '', 0, 'E', '2019-07-07 13:26:15', NULL),
(8, 'HUT', 'PT. HARMONI UTAMA TEXTILE', 'JL. INDUSTRI 1 NO.1', NULL, 0, '', 30, '', '', '', 0, '', 0, 'E', '2019-07-07 13:30:20', NULL),
(9, 'KKN01', 'CV. KKN', 'JL. INDUSTRI 1', NULL, 0, '', 30, '', '', '', 0, '', 0, 'E', '2019-07-07 13:36:56', NULL),
(10, 'KDC2', 'KDC2', 'JL. INDUSTRI 1', NULL, 0, '', 30, '', '', '', 0, '', 0, 'E', '2019-07-07 13:39:27', NULL),
(11, 'BLN', 'PT. BAHTERA LAJU NUSANTARA', 'JL.. INDUSTRI 1', NULL, 0, '', 30, '', '', '', 0, '', 0, 'E', '2019-07-07 13:44:16', NULL),
(12, 'IMMA', 'CV. IMMANUEL', 'JL. INDUSTRI 1', NULL, 0, '', 30, '', '', '', 0, '', 0, 'D', '2019-07-07 14:06:13', NULL),
(13, 'WKM', 'PT. WAHANA KASIH MULIA', 'JL. INDUSTRI 1 NO.3', NULL, 0, '', 30, '', '', '', 0, '', 0, 'D', '2019-07-07 14:11:14', NULL),
(14, 'SM', 'SM', 'JL. INDUSTRI 1', NULL, 0, '', 30, '', '', '', 1, '', 0, 'T', '2019-07-07 14:15:35', NULL),
(15, 'WKM', 'PT. WAHANA KASIH MULIA', 'JL. INDUSTRI 1', NULL, 0, '', 30, '', '', '', 0, '', 0, 'C', '2019-07-08 14:23:01', NULL),
(16, 'KKN02', 'KKN', 'JL INDUSTRI 3', NULL, 0, '', 30, '', '', '', 0, '', 0, 'E', '2019-07-09 13:06:34', '2019-07-09 16:12:49'),
(17, 'KONVEK', 'PKN', 'JL. INDUSTRI 4', NULL, 0, '', 30, '', '', '', 0, '', 0, 'E', '2019-07-09 16:01:24', NULL),
(18, 'WTC', 'WTC', 'JL. KEDUNG REJA', NULL, 0, '', 30, '', '', '', 0, '', 0, 'E', '2019-07-09 16:02:10', NULL),
(19, 'ZRK', 'ZARA KONVEKSI', 'JL. INDUSTRI 1', NULL, 0, '', 30, '', '', '', 0, '', 0, 'E', '2019-08-11 15:42:19', NULL),
(20, 'KDC1', 'KDC 1', 'JAWA', NULL, 0, '', 30, '', '', '', 0, '', 0, 'E', '2019-08-12 12:29:42', NULL),
(21, 'SL', 'SELIMUT', 'JAWA', NULL, 0, '', 30, '', '', '', 0, '', 0, 'E', '2019-08-12 12:32:10', NULL),
(22, 'KAI', 'K.A.I', 'JAWA', NULL, 0, '', 30, '', '', '', 0, '', 0, 'E', '2019-08-12 12:34:48', NULL),
(23, 'YTC', 'YTC', 'JAWA', NULL, 0, '', 30, '', '', '', 0, '', 0, 'E', '2019-08-12 12:44:41', NULL),
(24, 'WKM', 'PT. WAHANA KASIH MULIA', 'JL INDUSTRI 1', NULL, 0, '', 30, '', '', '', 0, '', 0, 'T', '2019-08-12 13:09:15', NULL),
(25, 'SM', 'SM', 'JL INDUSTRI', NULL, 0, '', 30, '', '', '', 0, '', 0, 'C', '2019-08-12 13:26:16', NULL),
(26, 'DSK1', 'DS KONVEKSI', 'JL KEDUNGREJA', NULL, 0, '', 0, '', '', '', 0, '', 0, 'E', '2019-09-06 13:12:15', NULL),
(27, 'BLN1', 'BLN', 'JL INDUSTRI', NULL, 0, '', 0, '', '', '', 0, '', 0, 'E', '2019-09-06 13:18:46', NULL),
(28, 'DSR1', 'DS RAJUT', 'JL KEDUNG', NULL, 0, '', 30, '', '', '', 0, '', 0, 'E', '2019-09-06 13:47:10', NULL),
(29, 'NATA', 'NATA KONVEKSI', 'JL CIHERAH', NULL, 0, '', 30, '', '', '', 0, '', 0, 'E', '2019-09-06 13:53:40', NULL),
(30, 'HUT', 'PT. HARMONI UTAMA TEXTILE', 'JL INDUSTRI 1', NULL, 0, '', 30, '', '', '', 0, '', 0, 'D', '2019-09-10 12:19:53', NULL),
(31, 'KKN01', 'CV. KKN', 'JL. KEDUNG REJA', NULL, 0, '', 30, '', '', '', 0, '', 0, 'D', '2019-10-07 15:03:21', NULL),
(32, 'SM', 'SM', 'JL.KEDUNG', NULL, 0, '', 30, '', '', '', 0, '', 0, 'E', '2019-10-07 15:17:23', NULL),
(33, 'VC', 'VCS', 'JL KEDUNG', NULL, 0, '', 30, '', '', '', 0, '', 0, 'E', '2019-10-07 15:19:36', NULL),
(34, 'WKM', 'PT. WAHANA KASIH MULIA', 'JL KEDUNG', NULL, 0, '', 30, '', '', '', 0, '', 0, 'E', '2019-10-07 15:29:58', NULL),
(35, 'TPN', 'PT. TEGAR', 'JL INDUSTRI', NULL, 0, '', 30, '', '', '', 0, '', 0, 'E', '2019-10-07 15:48:08', NULL),
(36, 'ECBP', 'PT, CINTAKA BUMI PERTIWI', 'JAKARTA', NULL, 0, '', 30, '', '', '', 0, '', 0, 'E', '2019-10-29 03:25:00', '2019-10-29 03:30:04'),
(37, 'YK', 'YAYAT KONVEKSI', 'JAWA', NULL, 0, '', 30, '', '', '', 0, '', 0, 'E', '2019-10-29 03:31:10', NULL),
(38, 'DSBDR', 'DS BORDIR', 'JAWA', NULL, 0, '', 30, '', '', '', 0, '', 0, 'E', '2019-10-29 09:09:27', NULL),
(39, 'ER', 'ERNI KONVEKSI', 'JAWA', NULL, 0, '', 30, '', '', '', 0, '', 0, 'E', '2019-10-29 09:15:19', NULL),
(40, 'PTK', 'PIETER KONVEKSI', 'JAWA', NULL, 0, '', 30, '', '', '', 0, '', 0, 'E', '2019-10-29 10:04:30', NULL);

-- --------------------------------------------------------

--
-- Table structure for table `tr_perusahaan`
--

CREATE TABLE `tr_perusahaan` (
  `i_id_perusahaan` varchar(4) NOT NULL,
  `i_kode_perusahaan` varchar(4) NOT NULL,
  `i_tipe_perusahaan` int(11) NOT NULL,
  `e_nama_perusahaan` varchar(100) NOT NULL,
  `e_alamat` varchar(200) DEFAULT NULL,
  `e_npwp` varchar(25) DEFAULT NULL,
  `e_telepon` varchar(16) DEFAULT NULL,
  `e_fax` varchar(30) DEFAULT NULL,
  `e_kontak` varchar(100) DEFAULT NULL,
  `e_no_rek1` varchar(30) DEFAULT NULL,
  `e_nama_bank1` varchar(30) DEFAULT NULL,
  `e_atas_nama1` varchar(100) DEFAULT NULL,
  `e_no_rek2` varchar(30) NOT NULL,
  `e_nama_bank2` varchar(30) NOT NULL,
  `e_atas_nama2` varchar(100) NOT NULL,
  `i_status_aktif` int(11) DEFAULT NULL,
  `d_input` timestamp NULL DEFAULT NULL,
  `d_update` timestamp NULL DEFAULT NULL
) ENGINE=InnoDB DEFAULT CHARSET=latin1;

--
-- Dumping data for table `tr_perusahaan`
--

INSERT INTO `tr_perusahaan` (`i_id_perusahaan`, `i_kode_perusahaan`, `i_tipe_perusahaan`, `e_nama_perusahaan`, `e_alamat`, `e_npwp`, `e_telepon`, `e_fax`, `e_kontak`, `e_no_rek1`, `e_nama_bank1`, `e_atas_nama1`, `e_no_rek2`, `e_nama_bank2`, `e_atas_nama2`, `i_status_aktif`, `d_input`, `d_update`) VALUES
('2', 'C', 1, 'Cahaya Gumilang', 'Jl. Sangkuriang, Cimahi', '000.000.000.000.000', '', '', '', '', '', '', '', '', '', 1, '2019-05-11 00:52:36', '2019-05-11 00:52:36'),
('4', 'D', 1, 'SINAR MULIA', '', '000.000.000.000.000', '', '', '', '', '', '', '', '', '', 1, '2019-05-11 00:52:57', NULL),
('5', 'E', 2, 'ANUGERAH PERCETAKAN', '', '000.000.000.000.000', '', '', '', '', '', '', '', '', '', 1, '2019-05-11 00:53:07', NULL),
('3', 'H', 1, 'Harapan Jaya', 'Cimahi', '000.000.000.000.000', '', '', '', '', '', '', '', '', '', 1, '2019-05-11 00:52:31', NULL),
('1', 'T', 1, 'Tri Makmur Abadi', 'Cimahi', '000.000.000.000.000', '', '', '', '', '', '', '', '', '', 1, '2019-05-11 00:52:38', '2019-05-11 00:52:38');

-- --------------------------------------------------------

--
-- Table structure for table `tr_satuan`
--

CREATE TABLE `tr_satuan` (
  `i_satuan` int(11) NOT NULL,
  `e_satuan` varchar(25) NOT NULL,
  `d_input` timestamp NULL DEFAULT NULL,
  `d_update` timestamp NULL DEFAULT NULL
) ENGINE=InnoDB DEFAULT CHARSET=latin1;

--
-- Dumping data for table `tr_satuan`
--

INSERT INTO `tr_satuan` (`i_satuan`, `e_satuan`, `d_input`, `d_update`) VALUES
(1, 'Pcs', '2019-05-14 23:33:23', '2019-05-14 23:33:23'),
(2, 'KG', '2019-05-14 23:33:23', '2019-05-14 23:33:23'),
(3, 'Roll', '2019-05-14 23:33:23', '2019-05-14 23:33:23'),
(5, 'Bungkus', '2019-05-27 14:58:15', NULL),
(6, 'Buku', '2019-06-09 12:04:55', NULL);

-- --------------------------------------------------------

--
-- Table structure for table `tr_warna`
--

CREATE TABLE `tr_warna` (
  `i_id_warna` int(11) NOT NULL,
  `e_nama_warna` varchar(25) NOT NULL,
  `d_input` timestamp NULL DEFAULT NULL,
  `d_update` timestamp NULL DEFAULT NULL
) ENGINE=InnoDB DEFAULT CHARSET=latin1;

--
-- Dumping data for table `tr_warna`
--

INSERT INTO `tr_warna` (`i_id_warna`, `e_nama_warna`, `d_input`, `d_update`) VALUES
(1, 'Biru', '2019-05-13 17:58:06', NULL),
(2, 'Merah', '2019-05-13 17:58:09', NULL),
(3, 'Maroon', '2019-05-13 17:58:21', '2019-06-08 13:42:01'),
(4, 'Kuning', '2019-05-13 17:58:26', NULL),
(5, 'Coklat', '2019-05-13 17:58:31', NULL),
(6, 'Pink', '2019-05-13 17:58:37', NULL),
(7, 'Ungu', '2019-05-13 17:58:41', NULL),
(8, 'Hijau', '2019-05-13 17:58:45', NULL),
(9, 'Hitam', '2019-05-13 17:58:49', NULL),
(10, 'Putih', '2019-05-27 15:01:30', NULL),
(11, 'Abu', '2019-06-08 13:39:40', NULL),
(12, 'Biru Benhur', '2019-06-08 13:40:04', NULL),
(13, 'Cream', '2019-06-08 13:40:21', NULL),
(14, 'Kopi', '2019-06-08 13:40:41', NULL),
(15, 'Navy', '2019-06-08 13:40:56', NULL),
(16, 'Bening', '2019-07-07 14:16:36', NULL),
(17, 'Gading', '2019-08-11 13:05:50', NULL),
(18, 'Cream Muda', '2019-10-29 02:49:03', NULL);

--
-- Indexes for dumped tables
--

--
-- Indexes for table `tm_nota`
--
ALTER TABLE `tm_nota`
  ADD PRIMARY KEY (`i_id_nota`,`i_no_nota`);

--
-- Indexes for table `tm_nota_item`
--
ALTER TABLE `tm_nota_item`
  ADD PRIMARY KEY (`i_id_item_nota`,`i_id_nota`,`i_no_item`);

--
-- Indexes for table `tm_nota_item_warna`
--
ALTER TABLE `tm_nota_item_warna`
  ADD PRIMARY KEY (`i_id_item_warna`);

--
-- Indexes for table `tm_pelunasan`
--
ALTER TABLE `tm_pelunasan`
  ADD PRIMARY KEY (`i_id_pelunasan`);

--
-- Indexes for table `tm_pelunasan_item`
--
ALTER TABLE `tm_pelunasan_item`
  ADD PRIMARY KEY (`i_id_pelunasan_item`);

--
-- Indexes for table `tm_user`
--
ALTER TABLE `tm_user`
  ADD PRIMARY KEY (`i_nama_user`);

--
-- Indexes for table `tr_barang`
--
ALTER TABLE `tr_barang`
  ADD PRIMARY KEY (`i_kode_brg`);

--
-- Indexes for table `tr_barang_warna`
--
ALTER TABLE `tr_barang_warna`
  ADD PRIMARY KEY (`i_kode_brg`,`i_id_warna`);

--
-- Indexes for table `tr_cabang`
--
ALTER TABLE `tr_cabang`
  ADD PRIMARY KEY (`i_cabang`,`i_pelanggan`);

--
-- Indexes for table `tr_grup_pelanggan`
--
ALTER TABLE `tr_grup_pelanggan`
  ADD PRIMARY KEY (`i_id_grup`);

--
-- Indexes for table `tr_pelanggan`
--
ALTER TABLE `tr_pelanggan`
  ADD PRIMARY KEY (`i_pelanggan`);

--
-- Indexes for table `tr_perusahaan`
--
ALTER TABLE `tr_perusahaan`
  ADD PRIMARY KEY (`i_kode_perusahaan`,`i_id_perusahaan`);

--
-- Indexes for table `tr_satuan`
--
ALTER TABLE `tr_satuan`
  ADD PRIMARY KEY (`i_satuan`);

--
-- Indexes for table `tr_warna`
--
ALTER TABLE `tr_warna`
  ADD PRIMARY KEY (`i_id_warna`);

--
-- AUTO_INCREMENT for dumped tables
--

--
-- AUTO_INCREMENT for table `tm_nota_item_warna`
--
ALTER TABLE `tm_nota_item_warna`
  MODIFY `i_id_item_warna` int(11) NOT NULL AUTO_INCREMENT, AUTO_INCREMENT=161;
--
-- AUTO_INCREMENT for table `tr_cabang`
--
ALTER TABLE `tr_cabang`
  MODIFY `i_cabang` int(11) NOT NULL AUTO_INCREMENT, AUTO_INCREMENT=3;
--
-- AUTO_INCREMENT for table `tr_grup_pelanggan`
--
ALTER TABLE `tr_grup_pelanggan`
  MODIFY `i_id_grup` int(11) NOT NULL AUTO_INCREMENT, AUTO_INCREMENT=5;
--
-- AUTO_INCREMENT for table `tr_pelanggan`
--
ALTER TABLE `tr_pelanggan`
  MODIFY `i_pelanggan` int(11) NOT NULL AUTO_INCREMENT, AUTO_INCREMENT=41;
--
-- AUTO_INCREMENT for table `tr_satuan`
--
ALTER TABLE `tr_satuan`
  MODIFY `i_satuan` int(11) NOT NULL AUTO_INCREMENT, AUTO_INCREMENT=7;
--
-- AUTO_INCREMENT for table `tr_warna`
--
ALTER TABLE `tr_warna`
  MODIFY `i_id_warna` int(11) NOT NULL AUTO_INCREMENT, AUTO_INCREMENT=19;
/*!40101 SET CHARACTER_SET_CLIENT=@OLD_CHARACTER_SET_CLIENT */;
/*!40101 SET CHARACTER_SET_RESULTS=@OLD_CHARACTER_SET_RESULTS */;
/*!40101 SET COLLATION_CONNECTION=@OLD_COLLATION_CONNECTION */;
